Correo electrónico,Tiempo utilizando el servicio,Frecuencia de uso/interacción,"Dificultad técnica, retraso o problema no resuelto reciente",Valor general en relación con el precio (1-5),Rapidez y amabilidad en Soporte/Atención al Cliente,Calidad del servicio entregado,Cumplimiento de expectativas iniciales,Cumplimiento de objetivos al contratar,Probabilidad de recomendar (1-10),Probabilidad de renovar/continuar próximos 3 meses,Razón principal si considera no continuar,Cambio o mejora urgente para calificar 10/10
cliente.sintetico.0001@synthetic.test,1 a 2 años,Mensualmente,No,5,Excelente,Bueno,Excelente,['Cumplió completamente'],10,Probable,No he considerado abandonar el servicio.,Mejorar la atención y el seguimiento de los casos.
cliente.sintetico.0002@example.com,Menos de 3 meses,Diariamente,Sí,2,Deficiente,Aceptable,Aceptable,['Cumplió completamente'],3,Poco probable,Tiempos de respuesta de soporte.,Agregar más funcionalidades y opciones de personalización.
cliente.sintetico.0003@example.com,1 a 2 años,Varias veces al día,No,1,Aceptable,Aceptable,Aceptable,['Cumplió poco'],2,Probable,No he considerado abandonar el servicio.,Reducir interrupciones y tiempos de espera.
cliente.sintetico.0004@example.com,1 a 2 años,Varias veces por semana,Sí,2,Aceptable,Aceptable,Excelente,['Cumplió parcialmente'],4,Poco probable,Necesito mayor flexibilidad.,Ofrecer una comunicación más clara sobre incidentes y retrasos.
cliente.sintetico.0005@example.com,Más de 2 años,Varias veces por semana,Sí,3,Bueno,Bueno,Aceptable,['Cumplió completamente'],6,Probable,No he considerado abandonar el servicio.,Reducir los tiempos de respuesta de soporte.
cliente.sintetico.0006@synthetic.test,Más de 2 años,Diariamente,No,2,Bueno,Aceptable,Excelente,['Cumplió parcialmente'],7,Probable,No he considerado abandonar el servicio.,Mejorar la estabilidad y disponibilidad del servicio.
cliente.sintetico.0007@synthetic.test,1 a 2 años,Diariamente,No,3,Excelente,Excelente,Excelente,['Cumplió parcialmente'],6,Probable,No he considerado abandonar el servicio.,No considero necesaria una mejora urgente; el servicio funciona bien.
cliente.sintetico.0008@example.net,1 a 2 años,Diariamente,No,4,Excelente,Excelente,Excelente,['Cumplió completamente'],10,Probable,No he considerado abandonar el servicio.,Agregar más funcionalidades y opciones de personalización.
cliente.sintetico.0009@example.net,1 a 2 años,Diariamente,Sí,4,Excelente,Bueno,Excelente,['Cumplió completamente'],9,Muy probable,No he considerado abandonar el servicio.,Reducir los tiempos de respuesta de soporte.
cliente.sintetico.0010@synthetic.test,Más de 2 años,Varias veces al día,No,5,Excelente,Bueno,Excelente,['Superó ampliamente'],10,Muy probable,El precio es elevado para el valor percibido.,Resolver los casos técnicos con mayor rapidez.
cliente.sintetico.0011@example.com,Más de 2 años,Varias veces por semana,Sí,1,Aceptable,Bueno,Bueno,['Cumplió poco'],2,Nada probable,Falta de algunas funcionalidades.,No considero necesaria una mejora urgente; el servicio funciona bien.
cliente.sintetico.0012@example.com,Más de 2 años,Varias veces al día,No,2,Bueno,Aceptable,Aceptable,['Cumplió parcialmente'],4,Poco probable,Estoy comparando alternativas.,Mejorar la atención y el seguimiento de los casos.
cliente.sintetico.0013@example.net,6 a 12 meses,Varias veces por semana,No,3,Aceptable,Excelente,Excelente,['Cumplió parcialmente'],6,Poco probable,Problemas técnicos recurrentes.,Mejorar la relación entre precio y beneficios.
cliente.sintetico.0014@synthetic.test,6 a 12 meses,Varias veces por semana,No,5,Excelente,Excelente,Excelente,['Superó ampliamente'],8,Probable,No he considerado abandonar el servicio.,Reducir los tiempos de respuesta de soporte.
cliente.sintetico.0015@example.com,6 a 12 meses,Semanalmente,No,5,Bueno,Excelente,Excelente,['Cumplió completamente'],10,Probable,El servicio cumple con lo esperado.,Resolver los casos técnicos con mayor rapidez.
cliente.sintetico.0016@example.com,6 a 12 meses,Varias veces al día,No,3,Bueno,Excelente,Bueno,['Cumplió completamente'],6,Probable,Tiempos de respuesta de soporte.,Reducir los tiempos de respuesta de soporte.
cliente.sintetico.0017@example.com,3 a 6 meses,Semanalmente,No,4,Bueno,Excelente,Bueno,['Cumplió completamente'],9,Muy probable,Necesito mayor flexibilidad.,Resolver los casos técnicos con mayor rapidez.
cliente.sintetico.0018@synthetic.test,Más de 2 años,Diariamente,No,2,Excelente,Bueno,Aceptable,['Cumplió parcialmente'],7,Poco probable,Problemas de comunicación y seguimiento.,Mejorar la estabilidad y disponibilidad del servicio.
cliente.sintetico.0019@example.net,1 a 2 años,Varias veces por semana,No,3,Bueno,Bueno,Excelente,['Cumplió completamente'],6,Poco probable,Necesito mayor flexibilidad.,Reducir los tiempos de respuesta de soporte.
cliente.sintetico.0020@example.com,1 a 2 años,Varias veces por semana,No,1,Bueno,Aceptable,Aceptable,['Cumplió completamente'],3,Poco probable,No he considerado abandonar el servicio.,Mejorar la estabilidad y disponibilidad del servicio.
cliente.sintetico.0021@example.com,Más de 2 años,Quincenalmente,Sí,2,Excelente,Deficiente,Bueno,['No cumplió'],2,Probable,No he considerado abandonar el servicio.,Mejorar la atención y el seguimiento de los casos.
cliente.sintetico.0022@example.com,Menos de 3 meses,Varias veces al día,No,3,Bueno,Bueno,Bueno,['Cumplió poco'],7,Probable,No he considerado abandonar el servicio.,Agregar más funcionalidades y opciones de personalización.
cliente.sintetico.0023@synthetic.test,Más de 2 años,Semanalmente,No,4,Bueno,Bueno,Bueno,['Cumplió completamente'],8,Probable,El servicio cumple con lo esperado.,Mejorar la relación entre precio y beneficios.
cliente.sintetico.0024@example.net,1 a 2 años,Mensualmente,No,2,Deficiente,Bueno,Bueno,['Cumplió completamente'],7,Muy probable,No he considerado abandonar el servicio.,Agregar más funcionalidades y opciones de personalización.
cliente.sintetico.0025@example.com,6 a 12 meses,Varias veces por semana,Sí,5,Bueno,Excelente,Excelente,['Cumplió completamente'],8,Muy probable,El servicio cumple con lo esperado.,Reducir interrupciones y tiempos de espera.
cliente.sintetico.0026@example.com,6 a 12 meses,Quincenalmente,No,2,Aceptable,Bueno,Aceptable,['Cumplió completamente'],3,Probable,No he considerado abandonar el servicio.,Mejorar la atención y el seguimiento de los casos.
cliente.sintetico.0027@example.net,1 a 2 años,Diariamente,Sí,2,Aceptable,Aceptable,Bueno,['Cumplió parcialmente'],3,Nada probable,Problemas de comunicación y seguimiento.,Resolver los casos técnicos con mayor rapidez.
cliente.sintetico.0028@synthetic.test,Más de 2 años,Semanalmente,No,4,Aceptable,Excelente,Bueno,['Cumplió completamente'],10,Probable,No he considerado abandonar el servicio.,Reducir interrupciones y tiempos de espera.
cliente.sintetico.0029@example.net,3 a 6 meses,Quincenalmente,No,3,Deficiente,Aceptable,Excelente,['Cumplió parcialmente'],5,Probable,No he considerado abandonar el servicio.,Reducir los tiempos de respuesta de soporte.
cliente.sintetico.0030@synthetic.test,Más de 2 años,Diariamente,No,3,Aceptable,Bueno,Excelente,['No cumplió'],7,Muy probable,No he considerado abandonar el servicio.,Mejorar la relación entre precio y beneficios.
cliente.sintetico.0031@example.net,Más de 2 años,Quincenalmente,No,3,Aceptable,Bueno,Aceptable,['Cumplió parcialmente'],4,Muy probable,El servicio cumple con lo esperado.,Simplificar algunos procesos de uso del servicio.
cliente.sintetico.0032@example.com,6 a 12 meses,Varias veces por semana,No,5,Excelente,Bueno,Excelente,['Superó ampliamente'],9,Muy probable,No he considerado abandonar el servicio.,Mejorar la estabilidad y disponibilidad del servicio.
cliente.sintetico.0033@example.net,Más de 2 años,Varias veces por semana,No,5,Deficiente,Excelente,Bueno,['Cumplió parcialmente'],8,Probable,No he considerado abandonar el servicio.,Mejorar la estabilidad y disponibilidad del servicio.
cliente.sintetico.0034@example.com,Más de 2 años,Varias veces por semana,No,4,Excelente,Aceptable,Bueno,['Cumplió completamente'],9,Muy probable,No he considerado abandonar el servicio.,Agregar más funcionalidades y opciones de personalización.
cliente.sintetico.0035@synthetic.test,Más de 2 años,Semanalmente,No,4,Excelente,Excelente,Excelente,['Superó ampliamente'],10,Muy probable,No he considerado abandonar el servicio.,Agregar más funcionalidades y opciones de personalización.
cliente.sintetico.0036@example.net,6 a 12 meses,Rara vez,No,4,Aceptable,Excelente,Bueno,['Superó ampliamente'],9,Muy probable,No he considerado abandonar el servicio.,Mejorar la estabilidad y disponibilidad del servicio.
cliente.sintetico.0037@example.net,1 a 2 años,Diariamente,No,4,Excelente,Bueno,Excelente,['Superó ampliamente'],8,Muy probable,No he considerado abandonar el servicio.,Simplificar algunos procesos de uso del servicio.
cliente.sintetico.0038@example.com,1 a 2 años,Varias veces por semana,No,4,Bueno,Bueno,Bueno,['Cumplió completamente'],8,Probable,No he considerado abandonar el servicio.,Mejorar la atención y el seguimiento de los casos.
cliente.sintetico.0039@synthetic.test,1 a 2 años,Varias veces al día,No,4,Bueno,Excelente,Bueno,['Cumplió completamente'],9,Muy probable,No he considerado abandonar el servicio.,No considero necesaria una mejora urgente; el servicio funciona bien.
cliente.sintetico.0040@example.com,3 a 6 meses,Quincenalmente,No,2,Excelente,Excelente,Aceptable,['Cumplió poco'],3,Probable,No he considerado abandonar el servicio.,Reducir interrupciones y tiempos de espera.
cliente.sintetico.0041@example.com,3 a 6 meses,Semanalmente,Sí,2,Excelente,Bueno,Bueno,['No cumplió'],3,Poco probable,El precio es elevado para el valor percibido.,Mejorar la relación entre precio y beneficios.
cliente.sintetico.0042@synthetic.test,1 a 2 años,Semanalmente,No,4,Aceptable,Excelente,Excelente,['Cumplió completamente'],9,Probable,Tiempos de respuesta de soporte.,Reducir interrupciones y tiempos de espera.
cliente.sintetico.0043@example.com,Más de 2 años,Diariamente,No,4,Excelente,Excelente,Excelente,['Cumplió completamente'],8,Probable,No he considerado abandonar el servicio.,Reducir interrupciones y tiempos de espera.
cliente.sintetico.0044@example.net,1 a 2 años,Quincenalmente,No,5,Excelente,Bueno,Excelente,['Superó ampliamente'],9,Muy probable,No he considerado abandonar el servicio.,Agregar más funcionalidades y opciones de personalización.
cliente.sintetico.0045@synthetic.test,Menos de 3 meses,Varias veces al día,Sí,1,Excelente,Deficiente,Deficiente,['Cumplió poco'],1,Poco probable,Retrasos en la entrega del servicio.,No considero necesaria una mejora urgente; el servicio funciona bien.
cliente.sintetico.0046@example.com,Menos de 3 meses,Semanalmente,No,4,Excelente,Excelente,Excelente,['Superó ampliamente'],8,Poco probable,No he considerado abandonar el servicio.,Agregar más funcionalidades y opciones de personalización.
cliente.sintetico.0047@synthetic.test,3 a 6 meses,Diariamente,No,3,Aceptable,Excelente,Aceptable,['Cumplió completamente'],5,Probable,No he considerado abandonar el servicio.,Simplificar algunos procesos de uso del servicio.
cliente.sintetico.0048@example.net,Más de 2 años,Varias veces por semana,Sí,2,Aceptable,Deficiente,Aceptable,['Cumplió completamente'],1,Poco probable,Falta de algunas funcionalidades.,Resolver los casos técnicos con mayor rapidez.
cliente.sintetico.0049@example.net,1 a 2 años,Varias veces por semana,No,5,Excelente,Excelente,Excelente,['Cumplió completamente'],10,Muy probable,No he considerado abandonar el servicio.,Ofrecer una comunicación más clara sobre incidentes y retrasos.
cliente.sintetico.0050@synthetic.test,6 a 12 meses,Diariamente,No,3,Bueno,Bueno,Deficiente,['Cumplió parcialmente'],4,Nada probable,Problemas de comunicación y seguimiento.,Reducir los tiempos de respuesta de soporte.
cliente.sintetico.0051@synthetic.test,Menos de 3 meses,Quincenalmente,No,5,Bueno,Excelente,Excelente,['Superó ampliamente'],10,Muy probable,No he considerado abandonar el servicio.,Resolver los casos técnicos con mayor rapidez.
cliente.sintetico.0052@example.com,Más de 2 años,Mensualmente,No,5,Excelente,Excelente,Excelente,['Superó ampliamente'],10,Muy probable,Tiempos de respuesta de soporte.,Mejorar la relación entre precio y beneficios.
cliente.sintetico.0053@synthetic.test,6 a 12 meses,Varias veces por semana,Sí,2,Bueno,Bueno,Bueno,['Cumplió parcialmente'],4,Nada probable,Retrasos en la entrega del servicio.,Agregar más funcionalidades y opciones de personalización.
cliente.sintetico.0054@example.com,6 a 12 meses,Varias veces por semana,No,4,Bueno,Excelente,Excelente,['Cumplió parcialmente'],7,Probable,No he considerado abandonar el servicio.,Mejorar la estabilidad y disponibilidad del servicio.
cliente.sintetico.0055@example.net,6 a 12 meses,Semanalmente,No,5,Excelente,Excelente,Excelente,['Cumplió completamente'],10,Probable,No he considerado abandonar el servicio.,Resolver los casos técnicos con mayor rapidez.
cliente.sintetico.0056@synthetic.test,Menos de 3 meses,Varias veces por semana,No,5,Bueno,Excelente,Excelente,['Cumplió completamente'],10,Muy probable,No he considerado abandonar el servicio.,Mejorar la relación entre precio y beneficios.
cliente.sintetico.0057@synthetic.test,Más de 2 años,Diariamente,No,5,Excelente,Excelente,Excelente,['Superó ampliamente'],9,Muy probable,Necesito mayor flexibilidad.,Reducir interrupciones y tiempos de espera.
cliente.sintetico.0058@example.com,6 a 12 meses,Varias veces al día,Sí,1,Aceptable,Aceptable,Aceptable,['Cumplió completamente'],2,Probable,El servicio cumple con lo esperado.,Reducir interrupciones y tiempos de espera.
cliente.sintetico.0059@example.com,Más de 2 años,Semanalmente,No,1,Aceptable,Aceptable,Aceptable,['Cumplió completamente'],4,Nada probable,Tiempos de respuesta de soporte.,Mejorar la relación entre precio y beneficios.
cliente.sintetico.0060@synthetic.test,1 a 2 años,Semanalmente,No,4,Bueno,Excelente,Excelente,['Cumplió completamente'],6,Poco probable,El servicio cumple con lo esperado.,Mejorar la relación entre precio y beneficios.
cliente.sintetico.0061@example.net,6 a 12 meses,Diariamente,Sí,4,Excelente,Aceptable,Bueno,['Superó ampliamente'],7,Muy probable,No he considerado abandonar el servicio.,No considero necesaria una mejora urgente; el servicio funciona bien.
cliente.sintetico.0062@example.net,Más de 2 años,Varias veces por semana,Sí,4,Aceptable,Aceptable,Bueno,['Cumplió poco'],3,Nada probable,El precio es elevado para el valor percibido.,Reducir los tiempos de respuesta de soporte.
cliente.sintetico.0063@example.com,6 a 12 meses,Semanalmente,No,4,Excelente,Excelente,Bueno,['Superó ampliamente'],8,Probable,No he considerado abandonar el servicio.,Mejorar la atención y el seguimiento de los casos.
cliente.sintetico.0064@example.com,6 a 12 meses,Varias veces por semana,No,5,Excelente,Excelente,Excelente,['Cumplió completamente'],7,Probable,No he considerado abandonar el servicio.,Mejorar la atención y el seguimiento de los casos.
cliente.sintetico.0065@example.com,Más de 2 años,Varias veces por semana,No,4,Excelente,Bueno,Excelente,['Cumplió completamente'],8,Nada probable,Retrasos en la entrega del servicio.,Ofrecer una comunicación más clara sobre incidentes y retrasos.
cliente.sintetico.0066@example.com,6 a 12 meses,Varias veces por semana,Sí,2,Excelente,Aceptable,Aceptable,['No cumplió'],4,Nada probable,Tiempos de respuesta de soporte.,Mejorar la relación entre precio y beneficios.
cliente.sintetico.0067@example.com,6 a 12 meses,Varias veces por semana,No,3,Bueno,Aceptable,Excelente,['Cumplió completamente'],9,Muy probable,No he considerado abandonar el servicio.,Resolver los casos técnicos con mayor rapidez.
cliente.sintetico.0068@example.net,6 a 12 meses,Varias veces al día,No,5,Bueno,Aceptable,Excelente,['Cumplió completamente'],8,Probable,El precio es elevado para el valor percibido.,Agregar más funcionalidades y opciones de personalización.
cliente.sintetico.0069@example.com,Menos de 3 meses,Rara vez,No,5,Excelente,Excelente,Excelente,['Superó ampliamente'],10,Probable,No he considerado abandonar el servicio.,No considero necesaria una mejora urgente; el servicio funciona bien.
cliente.sintetico.0070@synthetic.test,Más de 2 años,Quincenalmente,No,1,Bueno,Bueno,Bueno,['Cumplió parcialmente'],4,Poco probable,El servicio cumple con lo esperado.,Mejorar la estabilidad y disponibilidad del servicio.
cliente.sintetico.0071@synthetic.test,Más de 2 años,Varias veces por semana,Sí,3,Bueno,Bueno,Excelente,['Cumplió parcialmente'],5,Muy probable,No he considerado abandonar el servicio.,Simplificar algunos procesos de uso del servicio.
cliente.sintetico.0072@example.com,6 a 12 meses,Semanalmente,Sí,3,Bueno,Deficiente,Excelente,['Cumplió poco'],2,Nada probable,Necesito mayor flexibilidad.,Reducir interrupciones y tiempos de espera.
cliente.sintetico.0073@example.com,Menos de 3 meses,Diariamente,Sí,3,Aceptable,Bueno,Aceptable,['Cumplió completamente'],4,Probable,No he considerado abandonar el servicio.,Reducir los tiempos de respuesta de soporte.
cliente.sintetico.0074@example.net,Más de 2 años,Quincenalmente,No,1,Aceptable,Aceptable,Aceptable,['Cumplió parcialmente'],2,Poco probable,El servicio cumple con lo esperado.,Mejorar la relación entre precio y beneficios.
cliente.sintetico.0075@synthetic.test,3 a 6 meses,Semanalmente,No,4,Aceptable,Bueno,Bueno,['Cumplió completamente'],8,Poco probable,El servicio cumple con lo esperado.,No considero necesaria una mejora urgente; el servicio funciona bien.
cliente.sintetico.0076@example.com,Más de 2 años,Quincenalmente,Sí,4,Excelente,Excelente,Excelente,['Cumplió parcialmente'],8,Poco probable,El servicio cumple con lo esperado.,Mejorar la relación entre precio y beneficios.
cliente.sintetico.0077@example.net,6 a 12 meses,Varias veces por semana,No,3,Bueno,Aceptable,Bueno,['Cumplió parcialmente'],7,Muy probable,No he considerado abandonar el servicio.,Reducir los tiempos de respuesta de soporte.
cliente.sintetico.0078@example.com,6 a 12 meses,Varias veces al día,Sí,4,Bueno,Excelente,Bueno,['Cumplió parcialmente'],5,Poco probable,Problemas técnicos recurrentes.,No considero necesaria una mejora urgente; el servicio funciona bien.
cliente.sintetico.0079@example.net,6 a 12 meses,Diariamente,No,5,Excelente,Excelente,Bueno,['Cumplió completamente'],10,Muy probable,No he considerado abandonar el servicio.,Ofrecer una comunicación más clara sobre incidentes y retrasos.
cliente.sintetico.0080@example.net,3 a 6 meses,Quincenalmente,Sí,5,Aceptable,Excelente,Excelente,['Superó ampliamente'],9,Probable,No he considerado abandonar el servicio.,Reducir interrupciones y tiempos de espera.
cliente.sintetico.0081@synthetic.test,1 a 2 años,Diariamente,Sí,4,Excelente,Bueno,Aceptable,['Cumplió poco'],3,Nada probable,El precio es elevado para el valor percibido.,Mejorar la atención y el seguimiento de los casos.
cliente.sintetico.0082@synthetic.test,1 a 2 años,Varias veces por semana,No,4,Bueno,Excelente,Bueno,['Cumplió parcialmente'],7,Muy probable,No he considerado abandonar el servicio.,Ofrecer una comunicación más clara sobre incidentes y retrasos.
cliente.sintetico.0083@synthetic.test,Más de 2 años,Diariamente,No,2,Aceptable,Aceptable,Aceptable,['Cumplió completamente'],5,Nada probable,Retrasos en la entrega del servicio.,Resolver los casos técnicos con mayor rapidez.
cliente.sintetico.0084@synthetic.test,3 a 6 meses,Diariamente,No,5,Bueno,Bueno,Bueno,['Cumplió completamente'],8,Probable,No he considerado abandonar el servicio.,Resolver los casos técnicos con mayor rapidez.
cliente.sintetico.0085@example.net,Más de 2 años,Varias veces por semana,No,3,Bueno,Excelente,Excelente,['Cumplió parcialmente'],6,Poco probable,No he considerado abandonar el servicio.,No considero necesaria una mejora urgente; el servicio funciona bien.
cliente.sintetico.0086@synthetic.test,1 a 2 años,Diariamente,No,3,Excelente,Aceptable,Deficiente,['Cumplió parcialmente'],5,Probable,No he considerado abandonar el servicio.,Reducir los tiempos de respuesta de soporte.
cliente.sintetico.0087@example.net,Más de 2 años,Semanalmente,No,5,Excelente,Excelente,Excelente,['Cumplió completamente'],10,Muy probable,No he considerado abandonar el servicio.,Agregar más funcionalidades y opciones de personalización.
cliente.sintetico.0088@example.com,1 a 2 años,Diariamente,No,3,Deficiente,Excelente,Excelente,['Cumplió completamente'],7,Muy probable,No he considerado abandonar el servicio.,Mejorar la atención y el seguimiento de los casos.
cliente.sintetico.0089@example.net,6 a 12 meses,Semanalmente,No,4,Bueno,Excelente,Bueno,['Cumplió completamente'],7,Probable,No he considerado abandonar el servicio.,Agregar más funcionalidades y opciones de personalización.
cliente.sintetico.0090@example.net,3 a 6 meses,Varias veces por semana,No,5,Bueno,Excelente,Excelente,['Cumplió completamente'],10,Muy probable,Falta de algunas funcionalidades.,Ofrecer una comunicación más clara sobre incidentes y retrasos.
cliente.sintetico.0091@example.com,Más de 2 años,Diariamente,No,4,Bueno,Excelente,Excelente,['Cumplió completamente'],7,Probable,No he considerado abandonar el servicio.,Reducir interrupciones y tiempos de espera.
cliente.sintetico.0092@example.com,6 a 12 meses,Varias veces por semana,Sí,4,Excelente,Bueno,Bueno,['Superó ampliamente'],4,Nada probable,Estoy comparando alternativas.,Resolver los casos técnicos con mayor rapidez.
cliente.sintetico.0093@synthetic.test,6 a 12 meses,Semanalmente,No,2,Bueno,Aceptable,Bueno,['Cumplió completamente'],7,Probable,No he considerado abandonar el servicio.,Ofrecer una comunicación más clara sobre incidentes y retrasos.
cliente.sintetico.0094@example.com,1 a 2 años,Diariamente,No,4,Excelente,Excelente,Excelente,['Cumplió completamente'],7,Muy probable,No he considerado abandonar el servicio.,Mejorar la relación entre precio y beneficios.
cliente.sintetico.0095@synthetic.test,Más de 2 años,Diariamente,No,5,Excelente,Excelente,Excelente,['Cumplió completamente'],10,Muy probable,No he considerado abandonar el servicio.,No considero necesaria una mejora urgente; el servicio funciona bien.
cliente.sintetico.0096@example.net,6 a 12 meses,Diariamente,No,2,Aceptable,Aceptable,Aceptable,['Superó ampliamente'],4,Nada probable,Problemas técnicos recurrentes.,Mejorar la atención y el seguimiento de los casos.
cliente.sintetico.0097@example.net,6 a 12 meses,Quincenalmente,No,5,Aceptable,Excelente,Excelente,['Cumplió completamente'],8,Poco probable,Problemas de comunicación y seguimiento.,Reducir los tiempos de respuesta de soporte.
cliente.sintetico.0098@example.net,Menos de 3 meses,Quincenalmente,No,5,Bueno,Excelente,Excelente,['Superó ampliamente'],9,Muy probable,Estoy comparando alternativas.,Agregar más funcionalidades y opciones de personalización.
cliente.sintetico.0099@example.net,1 a 2 años,Varias veces al día,Sí,2,Deficiente,Aceptable,Deficiente,['Cumplió poco'],2,Poco probable,El precio es elevado para el valor percibido.,Simplificar algunos procesos de uso del servicio.
cliente.sintetico.0100@synthetic.test,Más de 2 años,Varias veces por semana,Sí,3,Excelente,Excelente,Bueno,['Cumplió completamente'],5,Poco probable,Problemas de comunicación y seguimiento.,Reducir los tiempos de respuesta de soporte.
cliente.sintetico.0101@example.com,3 a 6 meses,Semanalmente,No,4,Excelente,Bueno,Excelente,['Superó ampliamente'],9,Muy probable,No he considerado abandonar el servicio.,No considero necesaria una mejora urgente; el servicio funciona bien.
cliente.sintetico.0102@synthetic.test,Más de 2 años,Varias veces al día,Sí,2,Excelente,Aceptable,Aceptable,['Cumplió parcialmente'],2,Probable,No he considerado abandonar el servicio.,Reducir los tiempos de respuesta de soporte.
cliente.sintetico.0103@synthetic.test,6 a 12 meses,Varias veces por semana,No,4,Excelente,Aceptable,Bueno,['Cumplió poco'],5,Probable,No he considerado abandonar el servicio.,Mejorar la atención y el seguimiento de los casos.
cliente.sintetico.0104@example.com,6 a 12 meses,Mensualmente,Sí,3,Excelente,Excelente,Bueno,['Cumplió completamente'],8,Probable,No he considerado abandonar el servicio.,Simplificar algunos procesos de uso del servicio.
cliente.sintetico.0105@example.com,Más de 2 años,Quincenalmente,No,1,Deficiente,Deficiente,Deficiente,['Superó ampliamente'],1,Poco probable,Falta de algunas funcionalidades.,No considero necesaria una mejora urgente; el servicio funciona bien.
cliente.sintetico.0106@example.net,6 a 12 meses,Diariamente,No,3,Bueno,Aceptable,Aceptable,['Cumplió completamente'],5,Probable,No he considerado abandonar el servicio.,Mejorar la estabilidad y disponibilidad del servicio.
cliente.sintetico.0107@example.net,1 a 2 años,Varias veces por semana,Sí,3,Deficiente,Bueno,Excelente,['Superó ampliamente'],3,Poco probable,Problemas técnicos recurrentes.,No considero necesaria una mejora urgente; el servicio funciona bien.
cliente.sintetico.0108@synthetic.test,1 a 2 años,Varias veces por semana,No,3,Excelente,Excelente,Bueno,['Cumplió completamente'],7,Poco probable,Falta de algunas funcionalidades.,Simplificar algunos procesos de uso del servicio.
cliente.sintetico.0109@synthetic.test,3 a 6 meses,Diariamente,No,3,Bueno,Excelente,Bueno,['Cumplió completamente'],8,Poco probable,Tiempos de respuesta de soporte.,Simplificar algunos procesos de uso del servicio.
cliente.sintetico.0110@example.net,Menos de 3 meses,Diariamente,Sí,1,Deficiente,Aceptable,Aceptable,['Cumplió poco'],2,Poco probable,Tiempos de respuesta de soporte.,Reducir los tiempos de respuesta de soporte.
cliente.sintetico.0111@example.net,6 a 12 meses,Varias veces por semana,No,1,Bueno,Aceptable,Aceptable,['Cumplió parcialmente'],2,Nada probable,El precio es elevado para el valor percibido.,Resolver los casos técnicos con mayor rapidez.
cliente.sintetico.0112@example.com,Menos de 3 meses,Semanalmente,No,4,Excelente,Bueno,Excelente,['Cumplió completamente'],9,Muy probable,No he considerado abandonar el servicio.,Simplificar algunos procesos de uso del servicio.
cliente.sintetico.0113@synthetic.test,1 a 2 años,Semanalmente,No,3,Excelente,Excelente,Aceptable,['Superó ampliamente'],9,Muy probable,El servicio cumple con lo esperado.,Reducir los tiempos de respuesta de soporte.
cliente.sintetico.0114@example.net,3 a 6 meses,Diariamente,Sí,4,Excelente,Bueno,Excelente,['Superó ampliamente'],6,Probable,No he considerado abandonar el servicio.,Simplificar algunos procesos de uso del servicio.
cliente.sintetico.0115@synthetic.test,Más de 2 años,Diariamente,No,2,Bueno,Excelente,Excelente,['Cumplió parcialmente'],4,Poco probable,Retrasos en la entrega del servicio.,Resolver los casos técnicos con mayor rapidez.
cliente.sintetico.0116@example.net,Más de 2 años,Varias veces por semana,No,5,Excelente,Bueno,Excelente,['Superó ampliamente'],10,Muy probable,No he considerado abandonar el servicio.,Resolver los casos técnicos con mayor rapidez.
cliente.sintetico.0117@example.net,Menos de 3 meses,Diariamente,Sí,2,Bueno,Bueno,Aceptable,['Cumplió parcialmente'],2,Nada probable,El servicio cumple con lo esperado.,No considero necesaria una mejora urgente; el servicio funciona bien.
cliente.sintetico.0118@example.com,Menos de 3 meses,Diariamente,No,3,Bueno,Excelente,Excelente,['Cumplió completamente'],6,Probable,No he considerado abandonar el servicio.,Mejorar la atención y el seguimiento de los casos.
cliente.sintetico.0119@synthetic.test,1 a 2 años,Diariamente,Sí,2,Bueno,Bueno,Aceptable,['Cumplió completamente'],5,Probable,No he considerado abandonar el servicio.,Agregar más funcionalidades y opciones de personalización.
cliente.sintetico.0120@synthetic.test,Más de 2 años,Varias veces por semana,No,4,Excelente,Excelente,Excelente,['Superó ampliamente'],9,Muy probable,No he considerado abandonar el servicio.,Simplificar algunos procesos de uso del servicio.
cliente.sintetico.0121@synthetic.test,Menos de 3 meses,Diariamente,Sí,2,Bueno,Excelente,Bueno,['No cumplió'],2,Poco probable,Problemas técnicos recurrentes.,Resolver los casos técnicos con mayor rapidez.
cliente.sintetico.0122@example.net,1 a 2 años,Diariamente,Sí,2,Bueno,Bueno,Aceptable,['Cumplió completamente'],1,Poco probable,Necesito mayor flexibilidad.,Reducir interrupciones y tiempos de espera.
cliente.sintetico.0123@example.com,Más de 2 años,Mensualmente,No,5,Excelente,Excelente,Excelente,['Cumplió completamente'],10,Muy probable,Retrasos en la entrega del servicio.,Ofrecer una comunicación más clara sobre incidentes y retrasos.
cliente.sintetico.0124@example.net,Más de 2 años,Mensualmente,No,4,Excelente,Aceptable,Aceptable,['Cumplió completamente'],8,Probable,No he considerado abandonar el servicio.,No considero necesaria una mejora urgente; el servicio funciona bien.
cliente.sintetico.0125@example.com,Más de 2 años,Diariamente,No,4,Excelente,Excelente,Bueno,['Cumplió completamente'],8,Muy probable,No he considerado abandonar el servicio.,Simplificar algunos procesos de uso del servicio.
cliente.sintetico.0126@example.net,Menos de 3 meses,Varias veces por semana,No,3,Excelente,Bueno,Bueno,['Cumplió completamente'],4,Nada probable,Tiempos de respuesta de soporte.,Mejorar la atención y el seguimiento de los casos.
cliente.sintetico.0127@example.com,Más de 2 años,Semanalmente,No,4,Bueno,Bueno,Aceptable,['Cumplió parcialmente'],6,Muy probable,Tiempos de respuesta de soporte.,Reducir los tiempos de respuesta de soporte.
cliente.sintetico.0128@example.net,1 a 2 años,Varias veces al día,No,5,Excelente,Excelente,Bueno,['Superó ampliamente'],10,Muy probable,No he considerado abandonar el servicio.,Simplificar algunos procesos de uso del servicio.
cliente.sintetico.0129@example.com,1 a 2 años,Diariamente,No,4,Excelente,Excelente,Bueno,['Cumplió completamente'],8,Poco probable,Estoy comparando alternativas.,Agregar más funcionalidades y opciones de personalización.
cliente.sintetico.0130@example.com,Más de 2 años,Varias veces por semana,Sí,4,Bueno,Bueno,Excelente,['Cumplió poco'],5,Probable,No he considerado abandonar el servicio.,Reducir los tiempos de respuesta de soporte.
cliente.sintetico.0131@example.com,6 a 12 meses,Varias veces por semana,Sí,1,Bueno,Bueno,Deficiente,['Cumplió poco'],1,Poco probable,Problemas técnicos recurrentes.,No considero necesaria una mejora urgente; el servicio funciona bien.
cliente.sintetico.0132@example.net,6 a 12 meses,Varias veces al día,No,4,Bueno,Aceptable,Aceptable,['Cumplió completamente'],6,Muy probable,No he considerado abandonar el servicio.,Mejorar la atención y el seguimiento de los casos.
cliente.sintetico.0133@synthetic.test,Más de 2 años,Diariamente,No,3,Bueno,Excelente,Excelente,['Cumplió completamente'],7,Muy probable,No he considerado abandonar el servicio.,Ofrecer una comunicación más clara sobre incidentes y retrasos.
cliente.sintetico.0134@example.net,1 a 2 años,Diariamente,No,4,Bueno,Bueno,Excelente,['Cumplió completamente'],9,Muy probable,No he considerado abandonar el servicio.,Agregar más funcionalidades y opciones de personalización.
cliente.sintetico.0135@example.com,6 a 12 meses,Semanalmente,No,5,Excelente,Excelente,Excelente,['Cumplió completamente'],10,Muy probable,No he considerado abandonar el servicio.,Mejorar la relación entre precio y beneficios.
cliente.sintetico.0136@example.net,6 a 12 meses,Diariamente,No,2,Bueno,Aceptable,Excelente,['Cumplió parcialmente'],4,Nada probable,No he considerado abandonar el servicio.,Reducir interrupciones y tiempos de espera.
cliente.sintetico.0137@synthetic.test,Más de 2 años,Varias veces al día,Sí,3,Aceptable,Bueno,Aceptable,['Cumplió completamente'],5,Poco probable,El servicio cumple con lo esperado.,Agregar más funcionalidades y opciones de personalización.
cliente.sintetico.0138@example.net,1 a 2 años,Diariamente,No,5,Excelente,Excelente,Excelente,['Superó ampliamente'],10,Muy probable,No he considerado abandonar el servicio.,Agregar más funcionalidades y opciones de personalización.
cliente.sintetico.0139@example.net,Más de 2 años,Semanalmente,No,5,Excelente,Bueno,Excelente,['Cumplió completamente'],10,Muy probable,No he considerado abandonar el servicio.,Resolver los casos técnicos con mayor rapidez.
cliente.sintetico.0140@example.net,6 a 12 meses,Diariamente,No,2,Aceptable,Bueno,Aceptable,['Cumplió completamente'],5,Probable,Problemas de comunicación y seguimiento.,Reducir los tiempos de respuesta de soporte.
cliente.sintetico.0141@synthetic.test,1 a 2 años,Semanalmente,No,4,Excelente,Excelente,Bueno,['Cumplió parcialmente'],8,Probable,No he considerado abandonar el servicio.,Reducir interrupciones y tiempos de espera.
cliente.sintetico.0142@example.com,Más de 2 años,Diariamente,No,4,Excelente,Excelente,Bueno,['Superó ampliamente'],8,Probable,No he considerado abandonar el servicio.,Ofrecer una comunicación más clara sobre incidentes y retrasos.
cliente.sintetico.0143@example.com,6 a 12 meses,Semanalmente,No,4,Bueno,Aceptable,Aceptable,['Cumplió completamente'],6,Probable,Retrasos en la entrega del servicio.,Reducir los tiempos de respuesta de soporte.
cliente.sintetico.0144@synthetic.test,Más de 2 años,Varias veces al día,Sí,2,Bueno,Aceptable,Deficiente,['Cumplió parcialmente'],2,Probable,No he considerado abandonar el servicio.,Mejorar la atención y el seguimiento de los casos.
cliente.sintetico.0145@synthetic.test,6 a 12 meses,Varias veces por semana,No,4,Aceptable,Aceptable,Bueno,['Cumplió parcialmente'],5,Poco probable,No he considerado abandonar el servicio.,Reducir los tiempos de respuesta de soporte.
cliente.sintetico.0146@synthetic.test,Menos de 3 meses,Varias veces al día,No,4,Excelente,Excelente,Excelente,['Superó ampliamente'],7,Probable,No he considerado abandonar el servicio.,Resolver los casos técnicos con mayor rapidez.
cliente.sintetico.0147@example.net,Más de 2 años,Semanalmente,Sí,3,Excelente,Aceptable,Excelente,['Cumplió completamente'],5,Poco probable,Retrasos en la entrega del servicio.,Reducir interrupciones y tiempos de espera.
cliente.sintetico.0148@example.com,3 a 6 meses,Semanalmente,No,2,Excelente,Aceptable,Bueno,['Superó ampliamente'],6,Muy probable,No he considerado abandonar el servicio.,Mejorar la relación entre precio y beneficios.
cliente.sintetico.0149@example.net,6 a 12 meses,Varias veces por semana,No,5,Excelente,Excelente,Excelente,['Superó ampliamente'],10,Muy probable,No he considerado abandonar el servicio.,Resolver los casos técnicos con mayor rapidez.
cliente.sintetico.0150@example.com,Más de 2 años,Quincenalmente,No,5,Deficiente,Bueno,Excelente,['Cumplió parcialmente'],8,Poco probable,Problemas técnicos recurrentes.,Mejorar la atención y el seguimiento de los casos.
cliente.sintetico.0151@example.net,Más de 2 años,Diariamente,No,3,Bueno,Aceptable,Bueno,['Cumplió parcialmente'],5,Probable,Necesito mayor flexibilidad.,Ofrecer una comunicación más clara sobre incidentes y retrasos.
cliente.sintetico.0152@synthetic.test,1 a 2 años,Varias veces al día,No,3,Excelente,Excelente,Aceptable,['Cumplió completamente'],6,Muy probable,No he considerado abandonar el servicio.,Ofrecer una comunicación más clara sobre incidentes y retrasos.
cliente.sintetico.0153@synthetic.test,3 a 6 meses,Mensualmente,No,4,Bueno,Excelente,Excelente,['Cumplió completamente'],8,Probable,No he considerado abandonar el servicio.,Mejorar la atención y el seguimiento de los casos.
cliente.sintetico.0154@example.net,6 a 12 meses,Diariamente,No,4,Excelente,Excelente,Bueno,['Cumplió completamente'],9,Probable,No he considerado abandonar el servicio.,Mejorar la estabilidad y disponibilidad del servicio.
cliente.sintetico.0155@example.net,Más de 2 años,Varias veces al día,No,5,Bueno,Excelente,Excelente,['Superó ampliamente'],10,Muy probable,Falta de algunas funcionalidades.,Resolver los casos técnicos con mayor rapidez.
cliente.sintetico.0156@synthetic.test,1 a 2 años,Quincenalmente,Sí,2,Bueno,Aceptable,Excelente,['Superó ampliamente'],4,Nada probable,El precio es elevado para el valor percibido.,Mejorar la atención y el seguimiento de los casos.
cliente.sintetico.0157@synthetic.test,Más de 2 años,Varias veces por semana,Sí,1,Aceptable,Deficiente,Aceptable,['No cumplió'],2,Probable,No he considerado abandonar el servicio.,Agregar más funcionalidades y opciones de personalización.
cliente.sintetico.0158@example.com,Más de 2 años,Diariamente,Sí,2,Bueno,Bueno,Aceptable,['Cumplió parcialmente'],5,Poco probable,Retrasos en la entrega del servicio.,Mejorar la estabilidad y disponibilidad del servicio.
cliente.sintetico.0159@synthetic.test,1 a 2 años,Diariamente,No,3,Aceptable,Aceptable,Bueno,['Cumplió completamente'],7,Probable,No he considerado abandonar el servicio.,Agregar más funcionalidades y opciones de personalización.
cliente.sintetico.0160@example.com,6 a 12 meses,Varias veces por semana,No,3,Bueno,Aceptable,Excelente,['Cumplió completamente'],6,Probable,No he considerado abandonar el servicio.,Resolver los casos técnicos con mayor rapidez.
cliente.sintetico.0161@example.net,6 a 12 meses,Varias veces por semana,No,2,Excelente,Aceptable,Excelente,['Cumplió parcialmente'],6,Probable,Tiempos de respuesta de soporte.,Mejorar la relación entre precio y beneficios.
cliente.sintetico.0162@synthetic.test,6 a 12 meses,Varias veces por semana,No,4,Bueno,Excelente,Excelente,['Superó ampliamente'],9,Probable,El servicio cumple con lo esperado.,Simplificar algunos procesos de uso del servicio.
cliente.sintetico.0163@synthetic.test,Más de 2 años,Semanalmente,No,1,Aceptable,Aceptable,Bueno,['Cumplió poco'],2,Poco probable,Problemas de comunicación y seguimiento.,Reducir los tiempos de respuesta de soporte.
cliente.sintetico.0164@example.net,Más de 2 años,Varias veces al día,No,5,Excelente,Bueno,Bueno,['Superó ampliamente'],10,Muy probable,No he considerado abandonar el servicio.,Resolver los casos técnicos con mayor rapidez.
cliente.sintetico.0165@example.net,3 a 6 meses,Varias veces por semana,No,3,Excelente,Excelente,Bueno,['Cumplió completamente'],9,Muy probable,No he considerado abandonar el servicio.,Mejorar la estabilidad y disponibilidad del servicio.
cliente.sintetico.0166@example.net,1 a 2 años,Semanalmente,No,5,Bueno,Excelente,Excelente,['Cumplió completamente'],10,Muy probable,No he considerado abandonar el servicio.,Mejorar la relación entre precio y beneficios.
cliente.sintetico.0167@example.net,Más de 2 años,Diariamente,No,2,Bueno,Deficiente,Bueno,['No cumplió'],2,Poco probable,Problemas técnicos recurrentes.,Reducir los tiempos de respuesta de soporte.
cliente.sintetico.0168@example.com,1 a 2 años,Mensualmente,No,5,Excelente,Bueno,Aceptable,['Cumplió completamente'],7,Probable,No he considerado abandonar el servicio.,Ofrecer una comunicación más clara sobre incidentes y retrasos.
cliente.sintetico.0169@example.net,1 a 2 años,Varias veces por semana,Sí,4,Aceptable,Excelente,Bueno,['Cumplió completamente'],8,Muy probable,No he considerado abandonar el servicio.,Mejorar la atención y el seguimiento de los casos.
cliente.sintetico.0170@synthetic.test,6 a 12 meses,Varias veces por semana,No,5,Excelente,Bueno,Bueno,['Superó ampliamente'],10,Muy probable,No he considerado abandonar el servicio.,Ofrecer una comunicación más clara sobre incidentes y retrasos.
cliente.sintetico.0171@example.com,Más de 2 años,Varias veces por semana,No,3,Aceptable,Bueno,Bueno,['Cumplió completamente'],6,Poco probable,No he considerado abandonar el servicio.,Reducir interrupciones y tiempos de espera.
cliente.sintetico.0172@example.com,Más de 2 años,Semanalmente,No,5,Excelente,Excelente,Excelente,['Cumplió completamente'],10,Probable,No he considerado abandonar el servicio.,Mejorar la relación entre precio y beneficios.
cliente.sintetico.0173@example.net,6 a 12 meses,Varias veces por semana,No,1,Bueno,Bueno,Deficiente,['Cumplió parcialmente'],2,Nada probable,Tiempos de respuesta de soporte.,Simplificar algunos procesos de uso del servicio.
cliente.sintetico.0174@example.com,Más de 2 años,Semanalmente,No,3,Aceptable,Excelente,Bueno,['Superó ampliamente'],5,Probable,No he considerado abandonar el servicio.,Simplificar algunos procesos de uso del servicio.
cliente.sintetico.0175@synthetic.test,Más de 2 años,Quincenalmente,No,5,Excelente,Excelente,Excelente,['Cumplió completamente'],9,Probable,Retrasos en la entrega del servicio.,Resolver los casos técnicos con mayor rapidez.
cliente.sintetico.0176@example.com,Más de 2 años,Semanalmente,No,4,Aceptable,Excelente,Aceptable,['Cumplió parcialmente'],6,Poco probable,Estoy comparando alternativas.,Agregar más funcionalidades y opciones de personalización.
cliente.sintetico.0177@example.com,6 a 12 meses,Diariamente,Sí,4,Bueno,Excelente,Excelente,['Superó ampliamente'],10,Muy probable,Problemas de comunicación y seguimiento.,Reducir interrupciones y tiempos de espera.
cliente.sintetico.0178@synthetic.test,1 a 2 años,Varias veces por semana,No,2,Bueno,Bueno,Bueno,['Cumplió parcialmente'],6,Poco probable,Problemas de comunicación y seguimiento.,Resolver los casos técnicos con mayor rapidez.
cliente.sintetico.0179@synthetic.test,1 a 2 años,Varias veces por semana,No,4,Bueno,Excelente,Bueno,['Cumplió completamente'],8,Muy probable,No he considerado abandonar el servicio.,Agregar más funcionalidades y opciones de personalización.
cliente.sintetico.0180@example.com,3 a 6 meses,Varias veces al día,No,1,Aceptable,Excelente,Aceptable,['Cumplió parcialmente'],4,Poco probable,Falta de algunas funcionalidades.,Resolver los casos técnicos con mayor rapidez.
cliente.sintetico.0181@example.net,Más de 2 años,Semanalmente,No,4,Excelente,Excelente,Bueno,['Cumplió completamente'],9,Muy probable,No he considerado abandonar el servicio.,Mejorar la estabilidad y disponibilidad del servicio.
cliente.sintetico.0182@example.com,Más de 2 años,Varias veces al día,No,2,Bueno,Deficiente,Aceptable,['Cumplió poco'],4,Poco probable,Problemas de comunicación y seguimiento.,Ofrecer una comunicación más clara sobre incidentes y retrasos.
cliente.sintetico.0183@synthetic.test,Más de 2 años,Varias veces por semana,No,2,Bueno,Bueno,Aceptable,['Cumplió poco'],5,Probable,No he considerado abandonar el servicio.,Reducir los tiempos de respuesta de soporte.
cliente.sintetico.0184@synthetic.test,Más de 2 años,Varias veces por semana,Sí,4,Bueno,Bueno,Aceptable,['Cumplió parcialmente'],3,Poco probable,El servicio cumple con lo esperado.,Agregar más funcionalidades y opciones de personalización.
cliente.sintetico.0185@synthetic.test,6 a 12 meses,Quincenalmente,No,2,Bueno,Aceptable,Bueno,['Cumplió completamente'],6,Poco probable,Estoy comparando alternativas.,Agregar más funcionalidades y opciones de personalización.
cliente.sintetico.0186@synthetic.test,6 a 12 meses,Semanalmente,Sí,4,Excelente,Excelente,Excelente,['Superó ampliamente'],8,Poco probable,Falta de algunas funcionalidades.,Reducir los tiempos de respuesta de soporte.
cliente.sintetico.0187@example.net,6 a 12 meses,Varias veces al día,No,5,Excelente,Excelente,Excelente,['Superó ampliamente'],9,Probable,No he considerado abandonar el servicio.,No considero necesaria una mejora urgente; el servicio funciona bien.
cliente.sintetico.0188@example.com,3 a 6 meses,Varias veces por semana,Sí,3,Excelente,Bueno,Aceptable,['Cumplió completamente'],6,Probable,No he considerado abandonar el servicio.,No considero necesaria una mejora urgente; el servicio funciona bien.
cliente.sintetico.0189@example.com,6 a 12 meses,Semanalmente,Sí,2,Bueno,Deficiente,Deficiente,['Cumplió poco'],1,Nada probable,Problemas de comunicación y seguimiento.,Ofrecer una comunicación más clara sobre incidentes y retrasos.
cliente.sintetico.0190@synthetic.test,Más de 2 años,Varias veces por semana,No,5,Excelente,Aceptable,Bueno,['Cumplió completamente'],7,Probable,No he considerado abandonar el servicio.,Ofrecer una comunicación más clara sobre incidentes y retrasos.
cliente.sintetico.0191@example.net,Más de 2 años,Varias veces por semana,No,4,Bueno,Excelente,Bueno,['Superó ampliamente'],8,Probable,Falta de algunas funcionalidades.,Reducir los tiempos de respuesta de soporte.
cliente.sintetico.0192@example.net,3 a 6 meses,Varias veces por semana,No,3,Excelente,Aceptable,Aceptable,['Cumplió completamente'],6,Probable,No he considerado abandonar el servicio.,Mejorar la estabilidad y disponibilidad del servicio.
cliente.sintetico.0193@synthetic.test,6 a 12 meses,Semanalmente,Sí,2,Aceptable,Deficiente,Aceptable,['Cumplió poco'],3,Poco probable,Falta de algunas funcionalidades.,Reducir los tiempos de respuesta de soporte.
cliente.sintetico.0194@synthetic.test,Más de 2 años,Diariamente,No,3,Excelente,Excelente,Excelente,['Cumplió parcialmente'],6,Probable,No he considerado abandonar el servicio.,Ofrecer una comunicación más clara sobre incidentes y retrasos.
cliente.sintetico.0195@example.com,3 a 6 meses,Mensualmente,No,5,Excelente,Excelente,Excelente,['Superó ampliamente'],10,Poco probable,Problemas de comunicación y seguimiento.,Mejorar la relación entre precio y beneficios.
cliente.sintetico.0196@example.net,6 a 12 meses,Diariamente,Sí,2,Bueno,Excelente,Bueno,['Cumplió poco'],2,Poco probable,Tiempos de respuesta de soporte.,Reducir los tiempos de respuesta de soporte.
cliente.sintetico.0197@synthetic.test,3 a 6 meses,Mensualmente,No,3,Bueno,Bueno,Excelente,['Cumplió completamente'],9,Probable,No he considerado abandonar el servicio.,Reducir los tiempos de respuesta de soporte.
cliente.sintetico.0198@synthetic.test,3 a 6 meses,Mensualmente,No,4,Bueno,Excelente,Aceptable,['Superó ampliamente'],8,Poco probable,Falta de algunas funcionalidades.,Reducir interrupciones y tiempos de espera.
cliente.sintetico.0199@example.net,Menos de 3 meses,Diariamente,No,5,Excelente,Excelente,Bueno,['Superó ampliamente'],10,Muy probable,No he considerado abandonar el servicio.,No considero necesaria una mejora urgente; el servicio funciona bien.
cliente.sintetico.0200@example.net,Más de 2 años,Varias veces al día,No,4,Excelente,Bueno,Excelente,['Cumplió completamente'],8,Probable,No he considerado abandonar el servicio.,Reducir interrupciones y tiempos de espera.
cliente.sintetico.0201@example.com,6 a 12 meses,Varias veces por semana,No,5,Excelente,Excelente,Excelente,['Superó ampliamente'],10,Muy probable,No he considerado abandonar el servicio.,Reducir los tiempos de respuesta de soporte.
cliente.sintetico.0202@example.net,6 a 12 meses,Varias veces por semana,Sí,2,Aceptable,Bueno,Bueno,['Cumplió parcialmente'],5,Poco probable,Necesito mayor flexibilidad.,Simplificar algunos procesos de uso del servicio.
cliente.sintetico.0203@example.com,Más de 2 años,Semanalmente,No,3,Bueno,Bueno,Excelente,['Cumplió poco'],6,Nada probable,Problemas de comunicación y seguimiento.,Reducir interrupciones y tiempos de espera.
cliente.sintetico.0204@example.com,6 a 12 meses,Quincenalmente,No,5,Excelente,Excelente,Excelente,['Cumplió parcialmente'],9,Muy probable,Falta de algunas funcionalidades.,Ofrecer una comunicación más clara sobre incidentes y retrasos.
cliente.sintetico.0205@example.com,1 a 2 años,Diariamente,Sí,5,Excelente,Bueno,Excelente,['Superó ampliamente'],8,Muy probable,No he considerado abandonar el servicio.,Mejorar la atención y el seguimiento de los casos.
cliente.sintetico.0206@example.net,1 a 2 años,Diariamente,No,4,Excelente,Excelente,Excelente,['Cumplió completamente'],7,Probable,No he considerado abandonar el servicio.,Mejorar la estabilidad y disponibilidad del servicio.
cliente.sintetico.0207@example.net,Más de 2 años,Varias veces por semana,No,4,Bueno,Excelente,Bueno,['Superó ampliamente'],8,Probable,No he considerado abandonar el servicio.,Simplificar algunos procesos de uso del servicio.
cliente.sintetico.0208@example.net,6 a 12 meses,Varias veces al día,Sí,2,Aceptable,Bueno,Bueno,['Cumplió parcialmente'],3,Nada probable,Estoy comparando alternativas.,Agregar más funcionalidades y opciones de personalización.
cliente.sintetico.0209@example.net,Más de 2 años,Semanalmente,No,2,Excelente,Excelente,Aceptable,['Cumplió completamente'],6,Poco probable,Falta de algunas funcionalidades.,Ofrecer una comunicación más clara sobre incidentes y retrasos.
cliente.sintetico.0210@synthetic.test,6 a 12 meses,Varias veces al día,No,4,Aceptable,Excelente,Bueno,['Cumplió parcialmente'],6,Nada probable,El servicio cumple con lo esperado.,Mejorar la relación entre precio y beneficios.
cliente.sintetico.0211@synthetic.test,1 a 2 años,Semanalmente,No,4,Aceptable,Aceptable,Excelente,['Cumplió completamente'],8,Poco probable,No he considerado abandonar el servicio.,Reducir los tiempos de respuesta de soporte.
cliente.sintetico.0212@example.net,Más de 2 años,Diariamente,No,3,Deficiente,Bueno,Excelente,['Cumplió parcialmente'],5,Muy probable,No he considerado abandonar el servicio.,Mejorar la estabilidad y disponibilidad del servicio.
cliente.sintetico.0213@synthetic.test,1 a 2 años,Varias veces por semana,Sí,1,Deficiente,Deficiente,Aceptable,['Cumplió poco'],1,Poco probable,El servicio cumple con lo esperado.,Ofrecer una comunicación más clara sobre incidentes y retrasos.
cliente.sintetico.0214@example.com,Más de 2 años,Varias veces al día,No,3,Bueno,Excelente,Excelente,['Superó ampliamente'],7,Probable,No he considerado abandonar el servicio.,Resolver los casos técnicos con mayor rapidez.
cliente.sintetico.0215@synthetic.test,Más de 2 años,Diariamente,Sí,5,Excelente,Excelente,Excelente,['Superó ampliamente'],8,Probable,No he considerado abandonar el servicio.,Mejorar la atención y el seguimiento de los casos.
cliente.sintetico.0216@example.com,3 a 6 meses,Varias veces por semana,No,4,Excelente,Excelente,Bueno,['Cumplió parcialmente'],9,Muy probable,Tiempos de respuesta de soporte.,No considero necesaria una mejora urgente; el servicio funciona bien.
cliente.sintetico.0217@synthetic.test,6 a 12 meses,Diariamente,No,3,Bueno,Bueno,Aceptable,['Cumplió parcialmente'],6,Probable,No he considerado abandonar el servicio.,Agregar más funcionalidades y opciones de personalización.
cliente.sintetico.0218@example.com,Más de 2 años,Diariamente,Sí,5,Excelente,Bueno,Excelente,['Cumplió completamente'],10,Muy probable,No he considerado abandonar el servicio.,No considero necesaria una mejora urgente; el servicio funciona bien.
cliente.sintetico.0219@synthetic.test,Más de 2 años,Diariamente,No,3,Excelente,Bueno,Aceptable,['Cumplió completamente'],7,Muy probable,Retrasos en la entrega del servicio.,Reducir los tiempos de respuesta de soporte.
cliente.sintetico.0220@synthetic.test,1 a 2 años,Varias veces por semana,Sí,4,Excelente,Bueno,Bueno,['Cumplió parcialmente'],7,Muy probable,No he considerado abandonar el servicio.,Agregar más funcionalidades y opciones de personalización.
cliente.sintetico.0221@synthetic.test,6 a 12 meses,Semanalmente,No,4,Excelente,Bueno,Excelente,['Cumplió completamente'],9,Muy probable,No he considerado abandonar el servicio.,No considero necesaria una mejora urgente; el servicio funciona bien.
cliente.sintetico.0222@example.net,Más de 2 años,Varias veces por semana,Sí,4,Bueno,Bueno,Bueno,['Cumplió completamente'],8,Poco probable,Problemas técnicos recurrentes.,Reducir los tiempos de respuesta de soporte.
cliente.sintetico.0223@example.com,1 a 2 años,Quincenalmente,Sí,4,Bueno,Bueno,Bueno,['Cumplió completamente'],8,Muy probable,No he considerado abandonar el servicio.,Reducir interrupciones y tiempos de espera.
cliente.sintetico.0224@example.com,1 a 2 años,Varias veces por semana,No,3,Excelente,Excelente,Excelente,['Superó ampliamente'],8,Probable,No he considerado abandonar el servicio.,Reducir los tiempos de respuesta de soporte.
cliente.sintetico.0225@example.com,Menos de 3 meses,Varias veces por semana,No,4,Bueno,Excelente,Excelente,['Cumplió completamente'],7,Probable,No he considerado abandonar el servicio.,Simplificar algunos procesos de uso del servicio.
cliente.sintetico.0226@example.net,Menos de 3 meses,Varias veces por semana,Sí,3,Excelente,Aceptable,Bueno,['Cumplió parcialmente'],7,Muy probable,Falta de algunas funcionalidades.,Resolver los casos técnicos con mayor rapidez.
cliente.sintetico.0227@example.com,1 a 2 años,Diariamente,No,5,Excelente,Excelente,Excelente,['Superó ampliamente'],10,Muy probable,No he considerado abandonar el servicio.,Mejorar la relación entre precio y beneficios.
cliente.sintetico.0228@example.com,1 a 2 años,Varias veces por semana,Sí,1,Bueno,Aceptable,Aceptable,['Cumplió completamente'],2,Poco probable,Necesito mayor flexibilidad.,Ofrecer una comunicación más clara sobre incidentes y retrasos.
cliente.sintetico.0229@example.net,3 a 6 meses,Semanalmente,No,4,Bueno,Excelente,Bueno,['Cumplió completamente'],8,Muy probable,No he considerado abandonar el servicio.,Mejorar la relación entre precio y beneficios.
cliente.sintetico.0230@synthetic.test,Más de 2 años,Diariamente,Sí,3,Bueno,Bueno,Excelente,['Cumplió parcialmente'],4,Nada probable,El servicio cumple con lo esperado.,Resolver los casos técnicos con mayor rapidez.
cliente.sintetico.0231@synthetic.test,6 a 12 meses,Varias veces al día,Sí,3,Bueno,Excelente,Excelente,['Cumplió parcialmente'],8,Muy probable,El servicio cumple con lo esperado.,Mejorar la relación entre precio y beneficios.
cliente.sintetico.0232@example.com,1 a 2 años,Diariamente,No,4,Excelente,Excelente,Excelente,['Superó ampliamente'],10,Probable,No he considerado abandonar el servicio.,Reducir los tiempos de respuesta de soporte.
cliente.sintetico.0233@example.com,Más de 2 años,Semanalmente,No,1,Aceptable,Deficiente,Aceptable,['Cumplió parcialmente'],1,Muy probable,No he considerado abandonar el servicio.,Reducir los tiempos de respuesta de soporte.
cliente.sintetico.0234@example.com,Más de 2 años,Varias veces por semana,Sí,1,Bueno,Bueno,Deficiente,['Cumplió poco'],1,Poco probable,Necesito mayor flexibilidad.,Mejorar la relación entre precio y beneficios.
cliente.sintetico.0235@example.com,3 a 6 meses,Semanalmente,No,3,Bueno,Excelente,Excelente,['Superó ampliamente'],8,Probable,No he considerado abandonar el servicio.,Ofrecer una comunicación más clara sobre incidentes y retrasos.
cliente.sintetico.0236@example.com,Más de 2 años,Diariamente,No,3,Excelente,Excelente,Excelente,['Cumplió completamente'],9,Muy probable,No he considerado abandonar el servicio.,Reducir interrupciones y tiempos de espera.
cliente.sintetico.0237@example.com,Más de 2 años,Varias veces por semana,No,5,Excelente,Excelente,Excelente,['Cumplió parcialmente'],10,Muy probable,No he considerado abandonar el servicio.,Reducir interrupciones y tiempos de espera.
cliente.sintetico.0238@synthetic.test,1 a 2 años,Varias veces al día,No,1,Deficiente,Deficiente,Deficiente,['Cumplió parcialmente'],2,Nada probable,El precio es elevado para el valor percibido.,Resolver los casos técnicos con mayor rapidez.
cliente.sintetico.0239@example.com,Más de 2 años,Semanalmente,No,5,Excelente,Excelente,Bueno,['Cumplió completamente'],8,Probable,No he considerado abandonar el servicio.,Simplificar algunos procesos de uso del servicio.
cliente.sintetico.0240@synthetic.test,1 a 2 años,Varias veces al día,Sí,4,Bueno,Aceptable,Bueno,['Cumplió parcialmente'],8,Probable,Problemas de comunicación y seguimiento.,Simplificar algunos procesos de uso del servicio.
cliente.sintetico.0241@example.net,6 a 12 meses,Diariamente,Sí,5,Excelente,Aceptable,Excelente,['Cumplió completamente'],8,Probable,No he considerado abandonar el servicio.,Reducir interrupciones y tiempos de espera.
cliente.sintetico.0242@synthetic.test,3 a 6 meses,Varias veces por semana,No,2,Excelente,Bueno,Excelente,['Cumplió completamente'],5,Probable,No he considerado abandonar el servicio.,Reducir los tiempos de respuesta de soporte.
cliente.sintetico.0243@example.com,6 a 12 meses,Varias veces por semana,Sí,1,Deficiente,Bueno,Deficiente,['Cumplió parcialmente'],1,Poco probable,No he considerado abandonar el servicio.,Agregar más funcionalidades y opciones de personalización.
cliente.sintetico.0244@example.com,1 a 2 años,Varias veces al día,No,3,Bueno,Deficiente,Bueno,['Cumplió parcialmente'],6,Probable,No he considerado abandonar el servicio.,Reducir los tiempos de respuesta de soporte.
cliente.sintetico.0245@example.com,1 a 2 años,Semanalmente,No,5,Excelente,Aceptable,Excelente,['Cumplió completamente'],10,Muy probable,No he considerado abandonar el servicio.,No considero necesaria una mejora urgente; el servicio funciona bien.
cliente.sintetico.0246@example.net,1 a 2 años,Quincenalmente,Sí,2,Bueno,Aceptable,Bueno,['Cumplió parcialmente'],6,Poco probable,No he considerado abandonar el servicio.,Resolver los casos técnicos con mayor rapidez.
cliente.sintetico.0247@synthetic.test,Más de 2 años,Diariamente,No,3,Aceptable,Aceptable,Bueno,['Cumplió completamente'],5,Probable,No he considerado abandonar el servicio.,Mejorar la atención y el seguimiento de los casos.
cliente.sintetico.0248@example.com,Más de 2 años,Rara vez,No,5,Excelente,Bueno,Excelente,['Superó ampliamente'],10,Probable,No he considerado abandonar el servicio.,Ofrecer una comunicación más clara sobre incidentes y retrasos.
cliente.sintetico.0249@example.net,Más de 2 años,Diariamente,No,3,Excelente,Bueno,Excelente,['Superó ampliamente'],8,Probable,No he considerado abandonar el servicio.,No considero necesaria una mejora urgente; el servicio funciona bien.
cliente.sintetico.0250@synthetic.test,6 a 12 meses,Varias veces al día,No,4,Bueno,Excelente,Excelente,['Cumplió completamente'],8,Probable,Tiempos de respuesta de soporte.,Mejorar la relación entre precio y beneficios.
cliente.sintetico.0251@example.net,Más de 2 años,Diariamente,No,4,Bueno,Excelente,Excelente,['Cumplió completamente'],8,Probable,No he considerado abandonar el servicio.,Reducir los tiempos de respuesta de soporte.
cliente.sintetico.0252@example.net,Más de 2 años,Diariamente,No,3,Bueno,Excelente,Aceptable,['Cumplió parcialmente'],6,Probable,No he considerado abandonar el servicio.,Reducir interrupciones y tiempos de espera.
cliente.sintetico.0253@example.com,Más de 2 años,Varias veces por semana,Sí,2,Bueno,Aceptable,Excelente,['Cumplió completamente'],5,Probable,No he considerado abandonar el servicio.,Agregar más funcionalidades y opciones de personalización.
cliente.sintetico.0254@synthetic.test,3 a 6 meses,Varias veces al día,No,5,Excelente,Excelente,Excelente,['Superó ampliamente'],10,Muy probable,Problemas técnicos recurrentes.,Simplificar algunos procesos de uso del servicio.
cliente.sintetico.0255@synthetic.test,Más de 2 años,Quincenalmente,Sí,3,Aceptable,Aceptable,Bueno,['Cumplió parcialmente'],6,Probable,Problemas técnicos recurrentes.,Simplificar algunos procesos de uso del servicio.
cliente.sintetico.0256@example.com,6 a 12 meses,Varias veces por semana,No,3,Aceptable,Aceptable,Bueno,['Cumplió parcialmente'],5,Poco probable,Retrasos en la entrega del servicio.,Simplificar algunos procesos de uso del servicio.
cliente.sintetico.0257@example.com,1 a 2 años,Semanalmente,No,4,Excelente,Excelente,Bueno,['Cumplió completamente'],9,Muy probable,No he considerado abandonar el servicio.,Resolver los casos técnicos con mayor rapidez.
cliente.sintetico.0258@synthetic.test,1 a 2 años,Diariamente,No,4,Bueno,Excelente,Excelente,['Cumplió completamente'],8,Probable,No he considerado abandonar el servicio.,Mejorar la estabilidad y disponibilidad del servicio.
cliente.sintetico.0259@example.com,6 a 12 meses,Quincenalmente,No,5,Excelente,Excelente,Bueno,['Superó ampliamente'],9,Probable,No he considerado abandonar el servicio.,Mejorar la estabilidad y disponibilidad del servicio.
cliente.sintetico.0260@example.com,6 a 12 meses,Varias veces por semana,No,4,Bueno,Excelente,Excelente,['Cumplió completamente'],7,Muy probable,No he considerado abandonar el servicio.,Mejorar la relación entre precio y beneficios.
cliente.sintetico.0261@example.com,3 a 6 meses,Semanalmente,No,3,Bueno,Bueno,Bueno,['Superó ampliamente'],7,Muy probable,No he considerado abandonar el servicio.,Simplificar algunos procesos de uso del servicio.
cliente.sintetico.0262@example.com,6 a 12 meses,Diariamente,No,4,Excelente,Excelente,Excelente,['Cumplió completamente'],8,Muy probable,No he considerado abandonar el servicio.,Simplificar algunos procesos de uso del servicio.
cliente.sintetico.0263@example.com,1 a 2 años,Varias veces por semana,No,2,Aceptable,Aceptable,Bueno,['Cumplió poco'],5,Probable,No he considerado abandonar el servicio.,Agregar más funcionalidades y opciones de personalización.
cliente.sintetico.0264@example.com,1 a 2 años,Semanalmente,No,3,Excelente,Bueno,Excelente,['Superó ampliamente'],8,Muy probable,No he considerado abandonar el servicio.,Agregar más funcionalidades y opciones de personalización.
cliente.sintetico.0265@example.com,6 a 12 meses,Varias veces por semana,Sí,4,Bueno,Excelente,Aceptable,['Cumplió completamente'],4,Nada probable,Tiempos de respuesta de soporte.,Agregar más funcionalidades y opciones de personalización.
cliente.sintetico.0266@synthetic.test,Más de 2 años,Varias veces por semana,No,3,Aceptable,Aceptable,Aceptable,['Cumplió poco'],5,Poco probable,Tiempos de respuesta de soporte.,Reducir los tiempos de respuesta de soporte.
cliente.sintetico.0267@example.com,Más de 2 años,Quincenalmente,No,4,Bueno,Excelente,Bueno,['Cumplió completamente'],8,Poco probable,Estoy comparando alternativas.,Ofrecer una comunicación más clara sobre incidentes y retrasos.
cliente.sintetico.0268@example.net,Más de 2 años,Diariamente,No,4,Excelente,Bueno,Excelente,['Cumplió completamente'],7,Probable,No he considerado abandonar el servicio.,Simplificar algunos procesos de uso del servicio.
cliente.sintetico.0269@synthetic.test,6 a 12 meses,Semanalmente,Sí,2,Aceptable,Bueno,Bueno,['Cumplió completamente'],2,Nada probable,Retrasos en la entrega del servicio.,Mejorar la estabilidad y disponibilidad del servicio.
cliente.sintetico.0270@example.net,3 a 6 meses,Semanalmente,Sí,1,Aceptable,Excelente,Deficiente,['Cumplió completamente'],2,Probable,Problemas técnicos recurrentes.,Simplificar algunos procesos de uso del servicio.
cliente.sintetico.0271@example.net,6 a 12 meses,Quincenalmente,Sí,5,Bueno,Excelente,Excelente,['Cumplió completamente'],7,Muy probable,Falta de algunas funcionalidades.,Ofrecer una comunicación más clara sobre incidentes y retrasos.
cliente.sintetico.0272@example.com,6 a 12 meses,Semanalmente,No,4,Excelente,Excelente,Excelente,['Cumplió completamente'],5,Poco probable,Problemas de comunicación y seguimiento.,Mejorar la estabilidad y disponibilidad del servicio.
cliente.sintetico.0273@synthetic.test,1 a 2 años,Varias veces por semana,Sí,5,Excelente,Excelente,Excelente,['Superó ampliamente'],10,Poco probable,Falta de algunas funcionalidades.,Mejorar la relación entre precio y beneficios.
cliente.sintetico.0274@example.net,1 a 2 años,Diariamente,No,5,Aceptable,Excelente,Bueno,['Cumplió completamente'],9,Probable,No he considerado abandonar el servicio.,Agregar más funcionalidades y opciones de personalización.
cliente.sintetico.0275@synthetic.test,1 a 2 años,Varias veces por semana,No,2,Deficiente,Deficiente,Deficiente,['Cumplió parcialmente'],2,Nada probable,Problemas de comunicación y seguimiento.,Mejorar la relación entre precio y beneficios.
cliente.sintetico.0276@example.net,6 a 12 meses,Varias veces por semana,No,3,Excelente,Bueno,Bueno,['Cumplió completamente'],4,Poco probable,Problemas técnicos recurrentes.,Mejorar la estabilidad y disponibilidad del servicio.
cliente.sintetico.0277@example.com,1 a 2 años,Semanalmente,No,4,Excelente,Excelente,Excelente,['Cumplió completamente'],7,Probable,No he considerado abandonar el servicio.,Reducir interrupciones y tiempos de espera.
cliente.sintetico.0278@example.net,1 a 2 años,Varias veces por semana,No,5,Bueno,Excelente,Excelente,['Cumplió completamente'],10,Probable,No he considerado abandonar el servicio.,Ofrecer una comunicación más clara sobre incidentes y retrasos.
cliente.sintetico.0279@synthetic.test,1 a 2 años,Diariamente,No,3,Bueno,Bueno,Excelente,['Cumplió completamente'],5,Probable,No he considerado abandonar el servicio.,Reducir los tiempos de respuesta de soporte.
cliente.sintetico.0280@synthetic.test,6 a 12 meses,Diariamente,No,5,Excelente,Bueno,Aceptable,['Superó ampliamente'],8,Probable,Tiempos de respuesta de soporte.,Mejorar la atención y el seguimiento de los casos.
cliente.sintetico.0281@example.net,Más de 2 años,Varias veces por semana,No,5,Excelente,Aceptable,Excelente,['Superó ampliamente'],10,Muy probable,No he considerado abandonar el servicio.,Mejorar la relación entre precio y beneficios.
cliente.sintetico.0282@synthetic.test,1 a 2 años,Diariamente,Sí,4,Aceptable,Excelente,Excelente,['Cumplió completamente'],6,Poco probable,Problemas técnicos recurrentes.,Reducir los tiempos de respuesta de soporte.
cliente.sintetico.0283@synthetic.test,6 a 12 meses,Quincenalmente,No,4,Bueno,Excelente,Bueno,['Cumplió completamente'],7,Muy probable,No he considerado abandonar el servicio.,Resolver los casos técnicos con mayor rapidez.
cliente.sintetico.0284@example.net,Menos de 3 meses,Varias veces por semana,Sí,2,Aceptable,Aceptable,Aceptable,['Cumplió poco'],2,Probable,No he considerado abandonar el servicio.,Mejorar la relación entre precio y beneficios.
cliente.sintetico.0285@synthetic.test,6 a 12 meses,Varias veces al día,No,2,Bueno,Bueno,Bueno,['Cumplió completamente'],6,Poco probable,El precio es elevado para el valor percibido.,Mejorar la relación entre precio y beneficios.
cliente.sintetico.0286@example.com,6 a 12 meses,Diariamente,No,4,Excelente,Excelente,Excelente,['Superó ampliamente'],9,Probable,No he considerado abandonar el servicio.,Mejorar la estabilidad y disponibilidad del servicio.
cliente.sintetico.0287@synthetic.test,Más de 2 años,Varias veces por semana,Sí,4,Bueno,Excelente,Bueno,['Cumplió completamente'],9,Probable,No he considerado abandonar el servicio.,No considero necesaria una mejora urgente; el servicio funciona bien.
cliente.sintetico.0288@example.net,Menos de 3 meses,Diariamente,No,3,Bueno,Bueno,Excelente,['Cumplió completamente'],7,Probable,No he considerado abandonar el servicio.,Mejorar la relación entre precio y beneficios.
cliente.sintetico.0289@synthetic.test,Más de 2 años,Mensualmente,No,5,Aceptable,Excelente,Excelente,['Cumplió completamente'],10,Probable,No he considerado abandonar el servicio.,Mejorar la estabilidad y disponibilidad del servicio.
cliente.sintetico.0290@example.net,Más de 2 años,Diariamente,Sí,2,Aceptable,Aceptable,Aceptable,['Cumplió completamente'],5,Probable,No he considerado abandonar el servicio.,Ofrecer una comunicación más clara sobre incidentes y retrasos.
cliente.sintetico.0291@example.net,1 a 2 años,Varias veces por semana,Sí,1,Bueno,Deficiente,Aceptable,['Cumplió parcialmente'],1,Poco probable,Problemas de comunicación y seguimiento.,No considero necesaria una mejora urgente; el servicio funciona bien.
cliente.sintetico.0292@example.net,6 a 12 meses,Diariamente,Sí,4,Bueno,Excelente,Excelente,['Cumplió completamente'],5,Probable,Necesito mayor flexibilidad.,Mejorar la atención y el seguimiento de los casos.
cliente.sintetico.0293@synthetic.test,Más de 2 años,Rara vez,No,2,Excelente,Aceptable,Bueno,['Superó ampliamente'],7,Muy probable,No he considerado abandonar el servicio.,Mejorar la atención y el seguimiento de los casos.
cliente.sintetico.0294@synthetic.test,6 a 12 meses,Varias veces al día,No,5,Bueno,Excelente,Excelente,['Cumplió completamente'],10,Muy probable,No he considerado abandonar el servicio.,Resolver los casos técnicos con mayor rapidez.
cliente.sintetico.0295@example.net,1 a 2 años,Diariamente,No,4,Excelente,Bueno,Aceptable,['Cumplió completamente'],8,Probable,No he considerado abandonar el servicio.,Ofrecer una comunicación más clara sobre incidentes y retrasos.
cliente.sintetico.0296@example.com,3 a 6 meses,Diariamente,Sí,4,Bueno,Bueno,Bueno,['Cumplió completamente'],6,Probable,No he considerado abandonar el servicio.,Mejorar la estabilidad y disponibilidad del servicio.
cliente.sintetico.0297@example.net,6 a 12 meses,Varias veces por semana,No,4,Bueno,Excelente,Aceptable,['Superó ampliamente'],6,Muy probable,No he considerado abandonar el servicio.,Resolver los casos técnicos con mayor rapidez.
cliente.sintetico.0298@synthetic.test,Más de 2 años,Diariamente,No,2,Aceptable,Aceptable,Aceptable,['Cumplió completamente'],3,Probable,No he considerado abandonar el servicio.,Reducir los tiempos de respuesta de soporte.
cliente.sintetico.0299@synthetic.test,Más de 2 años,Semanalmente,Sí,2,Excelente,Excelente,Bueno,['Cumplió completamente'],4,Nada probable,Estoy comparando alternativas.,No considero necesaria una mejora urgente; el servicio funciona bien.
cliente.sintetico.0300@example.com,1 a 2 años,Varias veces al día,No,4,Aceptable,Aceptable,Aceptable,['Cumplió parcialmente'],6,Probable,No he considerado abandonar el servicio.,Simplificar algunos procesos de uso del servicio.
cliente.sintetico.0301@example.net,Menos de 3 meses,Varias veces por semana,No,5,Excelente,Excelente,Excelente,['Cumplió completamente'],10,Muy probable,No he considerado abandonar el servicio.,Simplificar algunos procesos de uso del servicio.
cliente.sintetico.0302@example.com,6 a 12 meses,Varias veces por semana,No,4,Bueno,Bueno,Excelente,['Cumplió parcialmente'],8,Probable,No he considerado abandonar el servicio.,Mejorar la atención y el seguimiento de los casos.
cliente.sintetico.0303@example.com,1 a 2 años,Varias veces al día,Sí,1,Aceptable,Deficiente,Aceptable,['Cumplió poco'],1,Probable,No he considerado abandonar el servicio.,Reducir los tiempos de respuesta de soporte.
cliente.sintetico.0304@example.net,Más de 2 años,Diariamente,No,3,Excelente,Aceptable,Excelente,['Cumplió completamente'],8,Probable,Necesito mayor flexibilidad.,Simplificar algunos procesos de uso del servicio.
cliente.sintetico.0305@example.net,1 a 2 años,Varias veces por semana,Sí,3,Bueno,Aceptable,Aceptable,['Cumplió completamente'],6,Poco probable,Necesito mayor flexibilidad.,Simplificar algunos procesos de uso del servicio.
cliente.sintetico.0306@synthetic.test,1 a 2 años,Varias veces por semana,No,2,Aceptable,Aceptable,Excelente,['Cumplió poco'],7,Probable,No he considerado abandonar el servicio.,Mejorar la atención y el seguimiento de los casos.
cliente.sintetico.0307@example.com,6 a 12 meses,Semanalmente,No,5,Excelente,Excelente,Bueno,['Cumplió parcialmente'],8,Probable,No he considerado abandonar el servicio.,No considero necesaria una mejora urgente; el servicio funciona bien.
cliente.sintetico.0308@example.net,6 a 12 meses,Varias veces al día,No,3,Bueno,Excelente,Aceptable,['Cumplió parcialmente'],6,Muy probable,Falta de algunas funcionalidades.,Mejorar la relación entre precio y beneficios.
cliente.sintetico.0309@example.com,Más de 2 años,Semanalmente,No,1,Excelente,Aceptable,Aceptable,['Cumplió parcialmente'],4,Poco probable,El servicio cumple con lo esperado.,Mejorar la estabilidad y disponibilidad del servicio.
cliente.sintetico.0310@example.com,Más de 2 años,Semanalmente,No,3,Bueno,Excelente,Bueno,['Cumplió completamente'],7,Probable,No he considerado abandonar el servicio.,Reducir los tiempos de respuesta de soporte.
cliente.sintetico.0311@example.com,Menos de 3 meses,Mensualmente,No,5,Excelente,Excelente,Excelente,['Cumplió parcialmente'],10,Muy probable,No he considerado abandonar el servicio.,Resolver los casos técnicos con mayor rapidez.
cliente.sintetico.0312@example.net,3 a 6 meses,Semanalmente,Sí,4,Bueno,Excelente,Bueno,['Cumplió parcialmente'],6,Poco probable,Falta de algunas funcionalidades.,Simplificar algunos procesos de uso del servicio.
cliente.sintetico.0313@example.net,6 a 12 meses,Varias veces por semana,No,3,Excelente,Aceptable,Aceptable,['Superó ampliamente'],5,Probable,No he considerado abandonar el servicio.,No considero necesaria una mejora urgente; el servicio funciona bien.
cliente.sintetico.0314@example.com,6 a 12 meses,Diariamente,No,5,Bueno,Bueno,Excelente,['Superó ampliamente'],10,Muy probable,No he considerado abandonar el servicio.,Reducir interrupciones y tiempos de espera.
cliente.sintetico.0315@example.net,Menos de 3 meses,Varias veces al día,No,4,Excelente,Excelente,Bueno,['Cumplió parcialmente'],10,Muy probable,No he considerado abandonar el servicio.,Reducir los tiempos de respuesta de soporte.
cliente.sintetico.0316@example.com,1 a 2 años,Diariamente,No,2,Deficiente,Bueno,Aceptable,['Cumplió completamente'],2,Probable,No he considerado abandonar el servicio.,Simplificar algunos procesos de uso del servicio.
cliente.sintetico.0317@example.net,6 a 12 meses,Varias veces por semana,Sí,3,Aceptable,Excelente,Excelente,['Cumplió completamente'],4,Poco probable,El precio es elevado para el valor percibido.,Agregar más funcionalidades y opciones de personalización.
cliente.sintetico.0318@synthetic.test,Más de 2 años,Semanalmente,No,3,Aceptable,Bueno,Aceptable,['Cumplió completamente'],6,Probable,No he considerado abandonar el servicio.,Simplificar algunos procesos de uso del servicio.
cliente.sintetico.0319@example.com,Más de 2 años,Diariamente,No,3,Aceptable,Excelente,Bueno,['Cumplió parcialmente'],4,Poco probable,Problemas de comunicación y seguimiento.,Mejorar la relación entre precio y beneficios.
cliente.sintetico.0320@example.com,Más de 2 años,Varias veces por semana,No,2,Deficiente,Aceptable,Aceptable,['Cumplió completamente'],4,Nada probable,El precio es elevado para el valor percibido.,No considero necesaria una mejora urgente; el servicio funciona bien.
cliente.sintetico.0321@example.com,Más de 2 años,Varias veces al día,No,4,Bueno,Bueno,Excelente,['Superó ampliamente'],8,Muy probable,No he considerado abandonar el servicio.,No considero necesaria una mejora urgente; el servicio funciona bien.
cliente.sintetico.0322@example.com,Más de 2 años,Varias veces por semana,No,4,Aceptable,Aceptable,Excelente,['Superó ampliamente'],8,Probable,No he considerado abandonar el servicio.,Resolver los casos técnicos con mayor rapidez.
cliente.sintetico.0323@example.net,Más de 2 años,Varias veces por semana,No,4,Excelente,Excelente,Excelente,['Cumplió completamente'],8,Probable,No he considerado abandonar el servicio.,No considero necesaria una mejora urgente; el servicio funciona bien.
cliente.sintetico.0324@example.com,Más de 2 años,Varias veces por semana,Sí,3,Bueno,Bueno,Bueno,['Cumplió parcialmente'],5,Probable,No he considerado abandonar el servicio.,Agregar más funcionalidades y opciones de personalización.
cliente.sintetico.0325@example.com,Más de 2 años,Varias veces por semana,Sí,4,Bueno,Bueno,Excelente,['Cumplió parcialmente'],6,Probable,No he considerado abandonar el servicio.,Reducir los tiempos de respuesta de soporte.
cliente.sintetico.0326@example.net,Más de 2 años,Semanalmente,No,5,Bueno,Bueno,Excelente,['Cumplió parcialmente'],9,Muy probable,No he considerado abandonar el servicio.,Mejorar la estabilidad y disponibilidad del servicio.
cliente.sintetico.0327@example.net,Más de 2 años,Varias veces al día,Sí,4,Excelente,Bueno,Bueno,['Cumplió parcialmente'],6,Probable,No he considerado abandonar el servicio.,Reducir interrupciones y tiempos de espera.
cliente.sintetico.0328@example.com,6 a 12 meses,Semanalmente,No,1,Excelente,Bueno,Bueno,['Cumplió parcialmente'],4,Poco probable,No he considerado abandonar el servicio.,Ofrecer una comunicación más clara sobre incidentes y retrasos.
cliente.sintetico.0329@example.net,Más de 2 años,Quincenalmente,Sí,3,Excelente,Bueno,Excelente,['Cumplió completamente'],7,Muy probable,No he considerado abandonar el servicio.,Reducir los tiempos de respuesta de soporte.
cliente.sintetico.0330@synthetic.test,6 a 12 meses,Varias veces por semana,No,3,Excelente,Bueno,Bueno,['Cumplió parcialmente'],6,Poco probable,Necesito mayor flexibilidad.,Resolver los casos técnicos con mayor rapidez.
cliente.sintetico.0331@example.com,6 a 12 meses,Varias veces por semana,No,5,Aceptable,Bueno,Excelente,['Cumplió completamente'],8,Probable,No he considerado abandonar el servicio.,Reducir los tiempos de respuesta de soporte.
cliente.sintetico.0332@synthetic.test,1 a 2 años,Semanalmente,Sí,3,Excelente,Excelente,Excelente,['Cumplió completamente'],6,Muy probable,Problemas de comunicación y seguimiento.,Ofrecer una comunicación más clara sobre incidentes y retrasos.
cliente.sintetico.0333@example.net,6 a 12 meses,Varias veces al día,No,1,Aceptable,Aceptable,Deficiente,['No cumplió'],3,Poco probable,Tiempos de respuesta de soporte.,Simplificar algunos procesos de uso del servicio.
cliente.sintetico.0334@synthetic.test,Más de 2 años,Semanalmente,No,2,Aceptable,Deficiente,Aceptable,['Cumplió parcialmente'],5,Probable,No he considerado abandonar el servicio.,Ofrecer una comunicación más clara sobre incidentes y retrasos.
cliente.sintetico.0335@synthetic.test,Más de 2 años,Varias veces al día,No,4,Bueno,Bueno,Excelente,['Superó ampliamente'],9,Probable,No he considerado abandonar el servicio.,Ofrecer una comunicación más clara sobre incidentes y retrasos.
cliente.sintetico.0336@synthetic.test,6 a 12 meses,Diariamente,No,4,Excelente,Excelente,Bueno,['Superó ampliamente'],7,Muy probable,Problemas de comunicación y seguimiento.,Resolver los casos técnicos con mayor rapidez.
cliente.sintetico.0337@example.com,3 a 6 meses,Diariamente,No,3,Bueno,Bueno,Aceptable,['Cumplió completamente'],6,Probable,El precio es elevado para el valor percibido.,Simplificar algunos procesos de uso del servicio.
cliente.sintetico.0338@synthetic.test,6 a 12 meses,Semanalmente,Sí,2,Bueno,Aceptable,Aceptable,['Cumplió poco'],2,Poco probable,Retrasos en la entrega del servicio.,No considero necesaria una mejora urgente; el servicio funciona bien.
cliente.sintetico.0339@synthetic.test,1 a 2 años,Semanalmente,No,5,Excelente,Bueno,Excelente,['Cumplió completamente'],10,Muy probable,No he considerado abandonar el servicio.,Mejorar la relación entre precio y beneficios.
cliente.sintetico.0340@example.net,3 a 6 meses,Varias veces por semana,No,2,Aceptable,Deficiente,Bueno,['Cumplió poco'],4,Probable,No he considerado abandonar el servicio.,Simplificar algunos procesos de uso del servicio.
cliente.sintetico.0341@example.com,3 a 6 meses,Varias veces al día,No,2,Aceptable,Aceptable,Excelente,['Cumplió completamente'],6,Probable,No he considerado abandonar el servicio.,Resolver los casos técnicos con mayor rapidez.
cliente.sintetico.0342@example.net,Más de 2 años,Diariamente,Sí,4,Bueno,Bueno,Excelente,['Cumplió completamente'],7,Nada probable,No he considerado abandonar el servicio.,Mejorar la relación entre precio y beneficios.
cliente.sintetico.0343@example.net,3 a 6 meses,Varias veces por semana,Sí,1,Aceptable,Deficiente,Bueno,['Cumplió poco'],2,Probable,No he considerado abandonar el servicio.,Simplificar algunos procesos de uso del servicio.
cliente.sintetico.0344@synthetic.test,Más de 2 años,Diariamente,No,4,Bueno,Excelente,Bueno,['Cumplió completamente'],6,Probable,No he considerado abandonar el servicio.,Reducir interrupciones y tiempos de espera.
cliente.sintetico.0345@example.com,Más de 2 años,Varias veces al día,No,5,Excelente,Bueno,Bueno,['Cumplió completamente'],7,Probable,Retrasos en la entrega del servicio.,Mejorar la estabilidad y disponibilidad del servicio.
cliente.sintetico.0346@example.net,Más de 2 años,Varias veces por semana,No,4,Excelente,Excelente,Excelente,['Cumplió parcialmente'],7,Muy probable,No he considerado abandonar el servicio.,Resolver los casos técnicos con mayor rapidez.
cliente.sintetico.0347@example.com,Menos de 3 meses,Semanalmente,No,5,Excelente,Excelente,Excelente,['Superó ampliamente'],9,Muy probable,Tiempos de respuesta de soporte.,Reducir interrupciones y tiempos de espera.
cliente.sintetico.0348@synthetic.test,Más de 2 años,Varias veces por semana,No,3,Bueno,Aceptable,Aceptable,['Cumplió parcialmente'],5,Poco probable,Tiempos de respuesta de soporte.,Mejorar la atención y el seguimiento de los casos.
cliente.sintetico.0349@example.com,Menos de 3 meses,Varias veces por semana,No,5,Bueno,Excelente,Bueno,['Cumplió completamente'],10,Muy probable,No he considerado abandonar el servicio.,Mejorar la relación entre precio y beneficios.
cliente.sintetico.0350@synthetic.test,1 a 2 años,Varias veces por semana,No,3,Bueno,Excelente,Excelente,['Cumplió completamente'],9,Probable,No he considerado abandonar el servicio.,Agregar más funcionalidades y opciones de personalización.
cliente.sintetico.0351@example.net,1 a 2 años,Varias veces por semana,No,2,Excelente,Bueno,Aceptable,['Cumplió parcialmente'],5,Muy probable,No he considerado abandonar el servicio.,Mejorar la estabilidad y disponibilidad del servicio.
cliente.sintetico.0352@example.com,1 a 2 años,Diariamente,Sí,5,Excelente,Bueno,Excelente,['Superó ampliamente'],9,Muy probable,No he considerado abandonar el servicio.,Agregar más funcionalidades y opciones de personalización.
cliente.sintetico.0353@synthetic.test,1 a 2 años,Quincenalmente,No,2,Aceptable,Bueno,Bueno,['Cumplió poco'],5,Probable,No he considerado abandonar el servicio.,Agregar más funcionalidades y opciones de personalización.
cliente.sintetico.0354@example.com,6 a 12 meses,Varias veces por semana,No,5,Bueno,Excelente,Excelente,['Superó ampliamente'],9,Probable,No he considerado abandonar el servicio.,Reducir interrupciones y tiempos de espera.
cliente.sintetico.0355@example.com,Más de 2 años,Quincenalmente,Sí,3,Bueno,Bueno,Excelente,['Cumplió completamente'],4,Nada probable,Retrasos en la entrega del servicio.,No considero necesaria una mejora urgente; el servicio funciona bien.
cliente.sintetico.0356@example.com,1 a 2 años,Semanalmente,No,4,Bueno,Excelente,Excelente,['Superó ampliamente'],10,Muy probable,Retrasos en la entrega del servicio.,Reducir los tiempos de respuesta de soporte.
cliente.sintetico.0357@example.net,3 a 6 meses,Diariamente,Sí,4,Bueno,Excelente,Aceptable,['Cumplió completamente'],7,Poco probable,Estoy comparando alternativas.,Reducir los tiempos de respuesta de soporte.
cliente.sintetico.0358@example.com,Más de 2 años,Varias veces al día,No,5,Bueno,Excelente,Excelente,['Cumplió completamente'],9,Muy probable,Falta de algunas funcionalidades.,No considero necesaria una mejora urgente; el servicio funciona bien.
cliente.sintetico.0359@example.net,6 a 12 meses,Varias veces al día,No,1,Deficiente,Aceptable,Aceptable,['Cumplió completamente'],2,Poco probable,Retrasos en la entrega del servicio.,Mejorar la atención y el seguimiento de los casos.
cliente.sintetico.0360@synthetic.test,6 a 12 meses,Diariamente,No,5,Excelente,Excelente,Bueno,['Cumplió completamente'],10,Muy probable,No he considerado abandonar el servicio.,No considero necesaria una mejora urgente; el servicio funciona bien.
cliente.sintetico.0361@synthetic.test,6 a 12 meses,Varias veces al día,No,2,Aceptable,Aceptable,Aceptable,['Cumplió completamente'],4,Poco probable,Problemas de comunicación y seguimiento.,Simplificar algunos procesos de uso del servicio.
cliente.sintetico.0362@example.com,6 a 12 meses,Mensualmente,Sí,4,Bueno,Excelente,Excelente,['Cumplió completamente'],6,Muy probable,No he considerado abandonar el servicio.,Reducir interrupciones y tiempos de espera.
cliente.sintetico.0363@synthetic.test,1 a 2 años,Varias veces por semana,Sí,3,Excelente,Excelente,Bueno,['Cumplió completamente'],5,Probable,No he considerado abandonar el servicio.,No considero necesaria una mejora urgente; el servicio funciona bien.
cliente.sintetico.0364@example.com,1 a 2 años,Diariamente,Sí,3,Excelente,Deficiente,Bueno,['Cumplió parcialmente'],5,Probable,No he considerado abandonar el servicio.,Mejorar la atención y el seguimiento de los casos.
cliente.sintetico.0365@synthetic.test,1 a 2 años,Semanalmente,No,5,Excelente,Excelente,Excelente,['Cumplió completamente'],10,Muy probable,Estoy comparando alternativas.,No considero necesaria una mejora urgente; el servicio funciona bien.
cliente.sintetico.0366@example.com,Más de 2 años,Semanalmente,Sí,3,Bueno,Excelente,Aceptable,['Cumplió parcialmente'],3,Poco probable,Problemas técnicos recurrentes.,Agregar más funcionalidades y opciones de personalización.
cliente.sintetico.0367@synthetic.test,Más de 2 años,Varias veces por semana,Sí,2,Aceptable,Bueno,Bueno,['Cumplió completamente'],7,Muy probable,Necesito mayor flexibilidad.,Mejorar la estabilidad y disponibilidad del servicio.
cliente.sintetico.0368@example.com,1 a 2 años,Varias veces por semana,No,4,Excelente,Bueno,Excelente,['Superó ampliamente'],7,Muy probable,No he considerado abandonar el servicio.,Agregar más funcionalidades y opciones de personalización.
cliente.sintetico.0369@example.com,1 a 2 años,Diariamente,Sí,4,Bueno,Excelente,Bueno,['Cumplió parcialmente'],7,Probable,No he considerado abandonar el servicio.,Reducir los tiempos de respuesta de soporte.
cliente.sintetico.0370@synthetic.test,6 a 12 meses,Diariamente,No,4,Bueno,Excelente,Excelente,['Cumplió completamente'],8,Probable,No he considerado abandonar el servicio.,Mejorar la atención y el seguimiento de los casos.
cliente.sintetico.0371@example.net,6 a 12 meses,Quincenalmente,No,5,Excelente,Excelente,Excelente,['Superó ampliamente'],10,Muy probable,No he considerado abandonar el servicio.,Simplificar algunos procesos de uso del servicio.
cliente.sintetico.0372@example.com,Más de 2 años,Varias veces por semana,No,4,Excelente,Excelente,Excelente,['Cumplió completamente'],9,Muy probable,No he considerado abandonar el servicio.,Mejorar la atención y el seguimiento de los casos.
cliente.sintetico.0373@synthetic.test,Más de 2 años,Semanalmente,No,1,Aceptable,Deficiente,Aceptable,['No cumplió'],3,Nada probable,Estoy comparando alternativas.,Mejorar la relación entre precio y beneficios.
cliente.sintetico.0374@example.net,Menos de 3 meses,Varias veces al día,No,5,Bueno,Bueno,Bueno,['Cumplió parcialmente'],7,Probable,Necesito mayor flexibilidad.,Mejorar la atención y el seguimiento de los casos.
cliente.sintetico.0375@example.com,6 a 12 meses,Varias veces por semana,No,5,Excelente,Excelente,Excelente,['Superó ampliamente'],10,Muy probable,Estoy comparando alternativas.,Ofrecer una comunicación más clara sobre incidentes y retrasos.
cliente.sintetico.0376@example.com,Menos de 3 meses,Varias veces al día,No,4,Excelente,Excelente,Excelente,['Cumplió completamente'],10,Probable,Problemas de comunicación y seguimiento.,Reducir interrupciones y tiempos de espera.
cliente.sintetico.0377@synthetic.test,Más de 2 años,Diariamente,No,3,Aceptable,Excelente,Excelente,['Cumplió completamente'],6,Poco probable,Necesito mayor flexibilidad.,Agregar más funcionalidades y opciones de personalización.
cliente.sintetico.0378@example.net,6 a 12 meses,Quincenalmente,Sí,5,Excelente,Excelente,Excelente,['Cumplió completamente'],8,Muy probable,No he considerado abandonar el servicio.,Mejorar la estabilidad y disponibilidad del servicio.
cliente.sintetico.0379@synthetic.test,3 a 6 meses,Semanalmente,No,1,Aceptable,Aceptable,Aceptable,['No cumplió'],1,Probable,No he considerado abandonar el servicio.,Agregar más funcionalidades y opciones de personalización.
cliente.sintetico.0380@synthetic.test,3 a 6 meses,Mensualmente,No,3,Aceptable,Bueno,Aceptable,['Cumplió parcialmente'],6,Poco probable,Retrasos en la entrega del servicio.,Simplificar algunos procesos de uso del servicio.
cliente.sintetico.0381@example.net,1 a 2 años,Varias veces por semana,No,4,Bueno,Aceptable,Excelente,['Cumplió completamente'],8,Probable,No he considerado abandonar el servicio.,Reducir los tiempos de respuesta de soporte.
cliente.sintetico.0382@example.net,Más de 2 años,Diariamente,Sí,2,Bueno,Bueno,Aceptable,['Cumplió parcialmente'],3,Poco probable,El precio es elevado para el valor percibido.,Mejorar la relación entre precio y beneficios.
cliente.sintetico.0383@synthetic.test,Más de 2 años,Varias veces por semana,No,4,Bueno,Bueno,Excelente,['Superó ampliamente'],8,Probable,No he considerado abandonar el servicio.,Mejorar la estabilidad y disponibilidad del servicio.
cliente.sintetico.0384@example.net,Más de 2 años,Varias veces al día,No,5,Excelente,Excelente,Excelente,['Cumplió completamente'],9,Muy probable,Estoy comparando alternativas.,Mejorar la atención y el seguimiento de los casos.
cliente.sintetico.0385@example.com,Más de 2 años,Semanalmente,No,3,Bueno,Bueno,Bueno,['Cumplió completamente'],6,Poco probable,Tiempos de respuesta de soporte.,Reducir interrupciones y tiempos de espera.
cliente.sintetico.0386@example.net,1 a 2 años,Diariamente,Sí,4,Excelente,Bueno,Bueno,['Cumplió parcialmente'],6,Poco probable,Tiempos de respuesta de soporte.,Reducir los tiempos de respuesta de soporte.
cliente.sintetico.0387@example.net,3 a 6 meses,Varias veces por semana,Sí,2,Excelente,Bueno,Bueno,['Cumplió completamente'],5,Muy probable,No he considerado abandonar el servicio.,Reducir interrupciones y tiempos de espera.
cliente.sintetico.0388@example.net,1 a 2 años,Mensualmente,No,4,Aceptable,Bueno,Bueno,['Superó ampliamente'],8,Poco probable,Problemas de comunicación y seguimiento.,Simplificar algunos procesos de uso del servicio.
cliente.sintetico.0389@example.com,1 a 2 años,Mensualmente,No,2,Deficiente,Aceptable,Bueno,['Cumplió poco'],7,Muy probable,Tiempos de respuesta de soporte.,Reducir interrupciones y tiempos de espera.
cliente.sintetico.0390@example.com,1 a 2 años,Varias veces al día,No,5,Bueno,Bueno,Excelente,['Superó ampliamente'],10,Muy probable,No he considerado abandonar el servicio.,Mejorar la relación entre precio y beneficios.
cliente.sintetico.0391@example.net,6 a 12 meses,Varias veces por semana,No,4,Bueno,Excelente,Excelente,['Cumplió parcialmente'],6,Muy probable,No he considerado abandonar el servicio.,Resolver los casos técnicos con mayor rapidez.
cliente.sintetico.0392@synthetic.test,6 a 12 meses,Varias veces por semana,No,3,Excelente,Excelente,Excelente,['Superó ampliamente'],9,Muy probable,No he considerado abandonar el servicio.,Reducir los tiempos de respuesta de soporte.
cliente.sintetico.0393@example.net,Menos de 3 meses,Semanalmente,No,4,Excelente,Excelente,Excelente,['Superó ampliamente'],10,Muy probable,No he considerado abandonar el servicio.,Reducir interrupciones y tiempos de espera.
cliente.sintetico.0394@synthetic.test,Más de 2 años,Varias veces por semana,No,3,Excelente,Excelente,Aceptable,['Cumplió completamente'],7,Probable,Falta de algunas funcionalidades.,Resolver los casos técnicos con mayor rapidez.
cliente.sintetico.0395@example.com,3 a 6 meses,Diariamente,No,4,Bueno,Excelente,Excelente,['Cumplió completamente'],9,Probable,No he considerado abandonar el servicio.,Mejorar la atención y el seguimiento de los casos.
cliente.sintetico.0396@example.com,6 a 12 meses,Semanalmente,Sí,4,Excelente,Excelente,Bueno,['Cumplió parcialmente'],5,Muy probable,No he considerado abandonar el servicio.,Ofrecer una comunicación más clara sobre incidentes y retrasos.
cliente.sintetico.0397@example.net,Más de 2 años,Diariamente,No,3,Aceptable,Excelente,Excelente,['Cumplió parcialmente'],4,Nada probable,Falta de algunas funcionalidades.,Resolver los casos técnicos con mayor rapidez.
cliente.sintetico.0398@example.net,Más de 2 años,Mensualmente,No,1,Aceptable,Deficiente,Deficiente,['Cumplió poco'],3,Poco probable,El servicio cumple con lo esperado.,Agregar más funcionalidades y opciones de personalización.
cliente.sintetico.0399@example.net,Más de 2 años,Varias veces por semana,No,5,Bueno,Excelente,Aceptable,['Cumplió completamente'],8,Muy probable,No he considerado abandonar el servicio.,Mejorar la atención y el seguimiento de los casos.
cliente.sintetico.0400@example.com,6 a 12 meses,Varias veces por semana,No,3,Excelente,Excelente,Bueno,['Cumplió parcialmente'],6,Probable,No he considerado abandonar el servicio.,No considero necesaria una mejora urgente; el servicio funciona bien.
cliente.sintetico.0401@example.net,Más de 2 años,Semanalmente,No,1,Excelente,Aceptable,Aceptable,['Cumplió parcialmente'],3,Poco probable,El precio es elevado para el valor percibido.,Agregar más funcionalidades y opciones de personalización.
cliente.sintetico.0402@example.net,Más de 2 años,Varias veces por semana,No,4,Aceptable,Bueno,Bueno,['Cumplió completamente'],7,Probable,No he considerado abandonar el servicio.,Mejorar la relación entre precio y beneficios.
cliente.sintetico.0403@synthetic.test,6 a 12 meses,Mensualmente,No,5,Excelente,Excelente,Bueno,['Superó ampliamente'],10,Muy probable,No he considerado abandonar el servicio.,Mejorar la estabilidad y disponibilidad del servicio.
cliente.sintetico.0404@example.com,1 a 2 años,Varias veces al día,Sí,4,Excelente,Bueno,Excelente,['Cumplió parcialmente'],6,Muy probable,No he considerado abandonar el servicio.,Mejorar la estabilidad y disponibilidad del servicio.
cliente.sintetico.0405@example.net,6 a 12 meses,Varias veces por semana,Sí,4,Excelente,Excelente,Excelente,['Cumplió parcialmente'],7,Nada probable,Necesito mayor flexibilidad.,Mejorar la estabilidad y disponibilidad del servicio.
cliente.sintetico.0406@example.com,1 a 2 años,Varias veces por semana,No,2,Aceptable,Bueno,Deficiente,['Cumplió parcialmente'],4,Nada probable,Retrasos en la entrega del servicio.,Agregar más funcionalidades y opciones de personalización.
cliente.sintetico.0407@example.com,Más de 2 años,Varias veces por semana,No,4,Excelente,Excelente,Bueno,['Cumplió completamente'],7,Muy probable,No he considerado abandonar el servicio.,Resolver los casos técnicos con mayor rapidez.
cliente.sintetico.0408@example.net,Más de 2 años,Mensualmente,No,5,Excelente,Bueno,Excelente,['Superó ampliamente'],10,Muy probable,El precio es elevado para el valor percibido.,Agregar más funcionalidades y opciones de personalización.
cliente.sintetico.0409@example.net,3 a 6 meses,Semanalmente,Sí,3,Excelente,Deficiente,Excelente,['Cumplió completamente'],4,Poco probable,Problemas técnicos recurrentes.,Agregar más funcionalidades y opciones de personalización.
cliente.sintetico.0410@example.com,6 a 12 meses,Varias veces al día,Sí,2,Bueno,Bueno,Bueno,['Cumplió completamente'],3,Nada probable,Retrasos en la entrega del servicio.,Reducir los tiempos de respuesta de soporte.
cliente.sintetico.0411@example.com,1 a 2 años,Varias veces al día,No,3,Bueno,Excelente,Excelente,['Cumplió parcialmente'],8,Muy probable,No he considerado abandonar el servicio.,Ofrecer una comunicación más clara sobre incidentes y retrasos.
cliente.sintetico.0412@example.com,Más de 2 años,Varias veces por semana,Sí,4,Excelente,Excelente,Excelente,['Cumplió completamente'],8,Probable,No he considerado abandonar el servicio.,Mejorar la atención y el seguimiento de los casos.
cliente.sintetico.0413@example.com,1 a 2 años,Diariamente,No,1,Aceptable,Deficiente,Bueno,['No cumplió'],3,Poco probable,El precio es elevado para el valor percibido.,Ofrecer una comunicación más clara sobre incidentes y retrasos.
cliente.sintetico.0414@example.net,1 a 2 años,Varias veces por semana,No,4,Excelente,Bueno,Excelente,['Cumplió completamente'],8,Muy probable,No he considerado abandonar el servicio.,Ofrecer una comunicación más clara sobre incidentes y retrasos.
cliente.sintetico.0415@synthetic.test,6 a 12 meses,Varias veces por semana,No,5,Excelente,Bueno,Bueno,['Cumplió completamente'],9,Probable,No he considerado abandonar el servicio.,No considero necesaria una mejora urgente; el servicio funciona bien.
cliente.sintetico.0416@example.net,1 a 2 años,Varias veces al día,Sí,3,Bueno,Deficiente,Bueno,['Cumplió completamente'],3,Poco probable,El servicio cumple con lo esperado.,Mejorar la relación entre precio y beneficios.
cliente.sintetico.0417@example.com,Más de 2 años,Mensualmente,Sí,4,Bueno,Bueno,Bueno,['Cumplió parcialmente'],6,Muy probable,El precio es elevado para el valor percibido.,Reducir los tiempos de respuesta de soporte.
cliente.sintetico.0418@example.com,Más de 2 años,Diariamente,No,4,Excelente,Aceptable,Bueno,['Cumplió parcialmente'],6,Nada probable,Tiempos de respuesta de soporte.,Mejorar la relación entre precio y beneficios.
cliente.sintetico.0419@example.com,1 a 2 años,Diariamente,Sí,2,Bueno,Excelente,Bueno,['Cumplió parcialmente'],3,Poco probable,Retrasos en la entrega del servicio.,Simplificar algunos procesos de uso del servicio.
cliente.sintetico.0420@example.com,Más de 2 años,Varias veces por semana,No,3,Bueno,Bueno,Bueno,['Cumplió parcialmente'],6,Probable,No he considerado abandonar el servicio.,Resolver los casos técnicos con mayor rapidez.
cliente.sintetico.0421@example.net,1 a 2 años,Varias veces por semana,Sí,4,Excelente,Bueno,Bueno,['Superó ampliamente'],7,Muy probable,No he considerado abandonar el servicio.,Simplificar algunos procesos de uso del servicio.
cliente.sintetico.0422@example.com,3 a 6 meses,Varias veces por semana,Sí,4,Aceptable,Excelente,Aceptable,['Cumplió completamente'],6,Poco probable,Estoy comparando alternativas.,Resolver los casos técnicos con mayor rapidez.
cliente.sintetico.0423@synthetic.test,6 a 12 meses,Varias veces al día,No,5,Excelente,Excelente,Excelente,['Cumplió completamente'],10,Muy probable,No he considerado abandonar el servicio.,Mejorar la estabilidad y disponibilidad del servicio.
cliente.sintetico.0424@example.net,3 a 6 meses,Diariamente,No,5,Bueno,Excelente,Excelente,['Cumplió parcialmente'],7,Probable,Retrasos en la entrega del servicio.,No considero necesaria una mejora urgente; el servicio funciona bien.
cliente.sintetico.0425@example.net,6 a 12 meses,Varias veces por semana,Sí,1,Aceptable,Aceptable,Aceptable,['Cumplió parcialmente'],2,Probable,No he considerado abandonar el servicio.,Reducir los tiempos de respuesta de soporte.
cliente.sintetico.0426@synthetic.test,6 a 12 meses,Mensualmente,No,4,Excelente,Excelente,Bueno,['Cumplió completamente'],8,Muy probable,El precio es elevado para el valor percibido.,Mejorar la atención y el seguimiento de los casos.
cliente.sintetico.0427@synthetic.test,Más de 2 años,Varias veces al día,No,5,Bueno,Excelente,Excelente,['Superó ampliamente'],9,Muy probable,No he considerado abandonar el servicio.,Reducir los tiempos de respuesta de soporte.
cliente.sintetico.0428@synthetic.test,3 a 6 meses,Quincenalmente,No,4,Excelente,Excelente,Excelente,['Cumplió completamente'],10,Muy probable,No he considerado abandonar el servicio.,Ofrecer una comunicación más clara sobre incidentes y retrasos.
cliente.sintetico.0429@example.net,1 a 2 años,Mensualmente,Sí,3,Bueno,Bueno,Excelente,['Cumplió parcialmente'],5,Probable,No he considerado abandonar el servicio.,Ofrecer una comunicación más clara sobre incidentes y retrasos.
cliente.sintetico.0430@example.net,3 a 6 meses,Semanalmente,No,5,Excelente,Bueno,Bueno,['Cumplió parcialmente'],8,Poco probable,Necesito mayor flexibilidad.,Resolver los casos técnicos con mayor rapidez.
cliente.sintetico.0431@synthetic.test,Más de 2 años,Diariamente,Sí,4,Aceptable,Bueno,Excelente,['Cumplió parcialmente'],6,Nada probable,Falta de algunas funcionalidades.,Reducir los tiempos de respuesta de soporte.
cliente.sintetico.0432@example.net,6 a 12 meses,Varias veces al día,No,5,Excelente,Excelente,Excelente,['Cumplió parcialmente'],10,Probable,No he considerado abandonar el servicio.,Simplificar algunos procesos de uso del servicio.
cliente.sintetico.0433@example.com,3 a 6 meses,Diariamente,No,4,Excelente,Bueno,Bueno,['Cumplió completamente'],7,Nada probable,El servicio cumple con lo esperado.,Agregar más funcionalidades y opciones de personalización.
cliente.sintetico.0434@example.net,Más de 2 años,Diariamente,No,5,Excelente,Excelente,Excelente,['Superó ampliamente'],9,Probable,No he considerado abandonar el servicio.,Mejorar la relación entre precio y beneficios.
cliente.sintetico.0435@synthetic.test,6 a 12 meses,Quincenalmente,No,3,Excelente,Bueno,Excelente,['Cumplió completamente'],7,Muy probable,No he considerado abandonar el servicio.,Resolver los casos técnicos con mayor rapidez.
cliente.sintetico.0436@synthetic.test,Menos de 3 meses,Semanalmente,Sí,3,Excelente,Bueno,Excelente,['Cumplió parcialmente'],6,Poco probable,Problemas técnicos recurrentes.,Agregar más funcionalidades y opciones de personalización.
cliente.sintetico.0437@synthetic.test,1 a 2 años,Varias veces por semana,No,3,Excelente,Bueno,Bueno,['Superó ampliamente'],7,Muy probable,No he considerado abandonar el servicio.,Mejorar la estabilidad y disponibilidad del servicio.
cliente.sintetico.0438@example.com,1 a 2 años,Varias veces al día,No,4,Bueno,Excelente,Excelente,['Cumplió parcialmente'],8,Probable,No he considerado abandonar el servicio.,Ofrecer una comunicación más clara sobre incidentes y retrasos.
cliente.sintetico.0439@synthetic.test,6 a 12 meses,Diariamente,No,2,Deficiente,Aceptable,Aceptable,['Cumplió poco'],4,Nada probable,El precio es elevado para el valor percibido.,Mejorar la relación entre precio y beneficios.
cliente.sintetico.0440@example.net,Más de 2 años,Diariamente,Sí,1,Aceptable,Aceptable,Bueno,['Cumplió parcialmente'],4,Poco probable,Retrasos en la entrega del servicio.,Reducir interrupciones y tiempos de espera.
cliente.sintetico.0441@example.com,1 a 2 años,Semanalmente,No,4,Excelente,Bueno,Bueno,['Superó ampliamente'],8,Probable,No he considerado abandonar el servicio.,Resolver los casos técnicos con mayor rapidez.
cliente.sintetico.0442@example.com,3 a 6 meses,Diariamente,Sí,4,Excelente,Aceptable,Excelente,['Cumplió completamente'],6,Poco probable,El servicio cumple con lo esperado.,Resolver los casos técnicos con mayor rapidez.
cliente.sintetico.0443@example.com,Menos de 3 meses,Varias veces por semana,No,1,Bueno,Bueno,Excelente,['Cumplió parcialmente'],3,Poco probable,Tiempos de respuesta de soporte.,Simplificar algunos procesos de uso del servicio.
cliente.sintetico.0444@example.com,1 a 2 años,Varias veces por semana,Sí,1,Aceptable,Deficiente,Aceptable,['Cumplió parcialmente'],1,Poco probable,El servicio cumple con lo esperado.,Mejorar la estabilidad y disponibilidad del servicio.
cliente.sintetico.0445@example.net,3 a 6 meses,Diariamente,No,2,Bueno,Aceptable,Excelente,['Cumplió poco'],4,Poco probable,Falta de algunas funcionalidades.,Reducir los tiempos de respuesta de soporte.
cliente.sintetico.0446@example.com,1 a 2 años,Varias veces por semana,No,4,Aceptable,Excelente,Excelente,['Cumplió parcialmente'],5,Probable,No he considerado abandonar el servicio.,Resolver los casos técnicos con mayor rapidez.
cliente.sintetico.0447@synthetic.test,1 a 2 años,Diariamente,Sí,3,Bueno,Bueno,Excelente,['Cumplió parcialmente'],6,Muy probable,No he considerado abandonar el servicio.,Reducir interrupciones y tiempos de espera.
cliente.sintetico.0448@example.net,Menos de 3 meses,Varias veces por semana,No,3,Aceptable,Excelente,Excelente,['Superó ampliamente'],5,Probable,Necesito mayor flexibilidad.,Mejorar la estabilidad y disponibilidad del servicio.
cliente.sintetico.0449@example.net,1 a 2 años,Semanalmente,No,3,Aceptable,Bueno,Excelente,['Superó ampliamente'],5,Muy probable,No he considerado abandonar el servicio.,Mejorar la relación entre precio y beneficios.
cliente.sintetico.0450@synthetic.test,Menos de 3 meses,Diariamente,Sí,5,Excelente,Bueno,Bueno,['Cumplió parcialmente'],7,Probable,No he considerado abandonar el servicio.,Agregar más funcionalidades y opciones de personalización.
cliente.sintetico.0451@synthetic.test,Más de 2 años,Mensualmente,No,5,Excelente,Excelente,Excelente,['Cumplió poco'],9,Muy probable,No he considerado abandonar el servicio.,No considero necesaria una mejora urgente; el servicio funciona bien.
cliente.sintetico.0452@example.net,Más de 2 años,Varias veces por semana,Sí,4,Excelente,Bueno,Bueno,['Cumplió completamente'],6,Nada probable,Necesito mayor flexibilidad.,Simplificar algunos procesos de uso del servicio.
cliente.sintetico.0453@example.com,Más de 2 años,Semanalmente,No,2,Aceptable,Aceptable,Aceptable,['Cumplió poco'],3,Poco probable,Problemas técnicos recurrentes.,Reducir los tiempos de respuesta de soporte.
cliente.sintetico.0454@example.net,Menos de 3 meses,Diariamente,No,4,Bueno,Bueno,Bueno,['Superó ampliamente'],8,Probable,No he considerado abandonar el servicio.,Reducir los tiempos de respuesta de soporte.
cliente.sintetico.0455@example.net,6 a 12 meses,Semanalmente,No,3,Excelente,Excelente,Excelente,['Cumplió parcialmente'],7,Poco probable,Retrasos en la entrega del servicio.,Mejorar la estabilidad y disponibilidad del servicio.
cliente.sintetico.0456@synthetic.test,Más de 2 años,Quincenalmente,No,1,Excelente,Bueno,Aceptable,['No cumplió'],4,Nada probable,Problemas de comunicación y seguimiento.,Mejorar la estabilidad y disponibilidad del servicio.
cliente.sintetico.0457@example.net,Más de 2 años,Quincenalmente,No,2,Bueno,Bueno,Aceptable,['Cumplió poco'],5,Poco probable,Tiempos de respuesta de soporte.,Agregar más funcionalidades y opciones de personalización.
cliente.sintetico.0458@synthetic.test,6 a 12 meses,Diariamente,Sí,4,Bueno,Bueno,Excelente,['Cumplió completamente'],7,Probable,No he considerado abandonar el servicio.,Mejorar la atención y el seguimiento de los casos.
cliente.sintetico.0459@example.net,1 a 2 años,Varias veces por semana,Sí,2,Excelente,Excelente,Aceptable,['Cumplió poco'],5,Poco probable,Tiempos de respuesta de soporte.,Reducir interrupciones y tiempos de espera.
cliente.sintetico.0460@example.net,6 a 12 meses,Diariamente,No,3,Bueno,Excelente,Excelente,['Cumplió completamente'],5,Probable,Problemas técnicos recurrentes.,Mejorar la relación entre precio y beneficios.
cliente.sintetico.0461@example.net,6 a 12 meses,Diariamente,No,4,Bueno,Bueno,Excelente,['Cumplió parcialmente'],7,Muy probable,No he considerado abandonar el servicio.,Reducir los tiempos de respuesta de soporte.
cliente.sintetico.0462@synthetic.test,Más de 2 años,Varias veces al día,No,3,Bueno,Excelente,Bueno,['Cumplió completamente'],6,Muy probable,El servicio cumple con lo esperado.,Mejorar la relación entre precio y beneficios.
cliente.sintetico.0463@synthetic.test,1 a 2 años,Semanalmente,No,4,Deficiente,Excelente,Excelente,['Cumplió parcialmente'],9,Muy probable,No he considerado abandonar el servicio.,Reducir los tiempos de respuesta de soporte.
cliente.sintetico.0464@example.net,3 a 6 meses,Varias veces por semana,No,4,Excelente,Excelente,Excelente,['Cumplió completamente'],9,Muy probable,No he considerado abandonar el servicio.,Ofrecer una comunicación más clara sobre incidentes y retrasos.
cliente.sintetico.0465@example.net,Más de 2 años,Diariamente,No,5,Excelente,Excelente,Bueno,['Superó ampliamente'],10,Muy probable,Tiempos de respuesta de soporte.,Ofrecer una comunicación más clara sobre incidentes y retrasos.
cliente.sintetico.0466@example.com,Más de 2 años,Mensualmente,Sí,3,Excelente,Excelente,Excelente,['Cumplió parcialmente'],5,Probable,No he considerado abandonar el servicio.,Ofrecer una comunicación más clara sobre incidentes y retrasos.
cliente.sintetico.0467@synthetic.test,3 a 6 meses,Varias veces por semana,Sí,4,Bueno,Excelente,Excelente,['Superó ampliamente'],8,Poco probable,Falta de algunas funcionalidades.,Agregar más funcionalidades y opciones de personalización.
cliente.sintetico.0468@example.net,1 a 2 años,Semanalmente,No,1,Deficiente,Deficiente,Deficiente,['Cumplió parcialmente'],2,Poco probable,No he considerado abandonar el servicio.,Mejorar la relación entre precio y beneficios.
cliente.sintetico.0469@example.com,1 a 2 años,Varias veces al día,Sí,3,Bueno,Excelente,Bueno,['Cumplió completamente'],3,Probable,No he considerado abandonar el servicio.,Agregar más funcionalidades y opciones de personalización.
cliente.sintetico.0470@synthetic.test,1 a 2 años,Varias veces por semana,Sí,3,Aceptable,Excelente,Excelente,['Cumplió parcialmente'],9,Muy probable,No he considerado abandonar el servicio.,Simplificar algunos procesos de uso del servicio.
cliente.sintetico.0471@example.net,Menos de 3 meses,Semanalmente,No,5,Excelente,Excelente,Excelente,['Cumplió completamente'],10,Muy probable,No he considerado abandonar el servicio.,Agregar más funcionalidades y opciones de personalización.
cliente.sintetico.0472@synthetic.test,6 a 12 meses,Semanalmente,Sí,3,Bueno,Aceptable,Aceptable,['No cumplió'],4,Poco probable,Tiempos de respuesta de soporte.,No considero necesaria una mejora urgente; el servicio funciona bien.
cliente.sintetico.0473@example.com,Más de 2 años,Semanalmente,No,4,Bueno,Excelente,Bueno,['Cumplió completamente'],9,Muy probable,No he considerado abandonar el servicio.,Reducir interrupciones y tiempos de espera.
cliente.sintetico.0474@example.net,6 a 12 meses,Diariamente,No,4,Excelente,Excelente,Excelente,['Superó ampliamente'],10,Muy probable,No he considerado abandonar el servicio.,Reducir los tiempos de respuesta de soporte.
cliente.sintetico.0475@example.net,Más de 2 años,Quincenalmente,No,2,Bueno,Deficiente,Aceptable,['Cumplió poco'],3,Muy probable,No he considerado abandonar el servicio.,Mejorar la relación entre precio y beneficios.
cliente.sintetico.0476@example.com,3 a 6 meses,Diariamente,Sí,5,Aceptable,Excelente,Bueno,['Cumplió completamente'],7,Muy probable,No he considerado abandonar el servicio.,Reducir interrupciones y tiempos de espera.
cliente.sintetico.0477@synthetic.test,Más de 2 años,Semanalmente,Sí,2,Bueno,Bueno,Deficiente,['Cumplió parcialmente'],4,Poco probable,Problemas técnicos recurrentes.,Reducir los tiempos de respuesta de soporte.
cliente.sintetico.0478@example.com,Más de 2 años,Diariamente,Sí,5,Bueno,Bueno,Excelente,['Cumplió completamente'],6,Probable,Problemas de comunicación y seguimiento.,Reducir interrupciones y tiempos de espera.
cliente.sintetico.0479@example.net,Más de 2 años,Diariamente,No,4,Bueno,Bueno,Bueno,['Cumplió completamente'],8,Muy probable,No he considerado abandonar el servicio.,No considero necesaria una mejora urgente; el servicio funciona bien.
cliente.sintetico.0480@example.com,6 a 12 meses,Varias veces por semana,Sí,1,Bueno,Aceptable,Deficiente,['No cumplió'],1,Probable,No he considerado abandonar el servicio.,Resolver los casos técnicos con mayor rapidez.
cliente.sintetico.0481@example.net,Más de 2 años,Diariamente,Sí,5,Excelente,Excelente,Excelente,['Cumplió completamente'],10,Muy probable,No he considerado abandonar el servicio.,Agregar más funcionalidades y opciones de personalización.
cliente.sintetico.0482@example.com,6 a 12 meses,Diariamente,No,4,Excelente,Excelente,Excelente,['Superó ampliamente'],8,Probable,No he considerado abandonar el servicio.,Mejorar la estabilidad y disponibilidad del servicio.
cliente.sintetico.0483@synthetic.test,Más de 2 años,Diariamente,Sí,5,Excelente,Bueno,Bueno,['Cumplió parcialmente'],7,Poco probable,Retrasos en la entrega del servicio.,Agregar más funcionalidades y opciones de personalización.
cliente.sintetico.0484@example.net,Más de 2 años,Diariamente,No,2,Deficiente,Excelente,Aceptable,['Cumplió parcialmente'],2,Nada probable,Problemas técnicos recurrentes.,Agregar más funcionalidades y opciones de personalización.
cliente.sintetico.0485@example.com,Más de 2 años,Mensualmente,No,4,Excelente,Excelente,Bueno,['Cumplió parcialmente'],8,Muy probable,No he considerado abandonar el servicio.,Resolver los casos técnicos con mayor rapidez.
cliente.sintetico.0486@example.net,1 a 2 años,Diariamente,No,5,Excelente,Excelente,Excelente,['Cumplió completamente'],10,Muy probable,No he considerado abandonar el servicio.,Mejorar la relación entre precio y beneficios.
cliente.sintetico.0487@example.com,Más de 2 años,Varias veces por semana,Sí,2,Excelente,Aceptable,Bueno,['Cumplió completamente'],6,Probable,Retrasos en la entrega del servicio.,Mejorar la estabilidad y disponibilidad del servicio.
cliente.sintetico.0488@example.net,1 a 2 años,Varias veces al día,Sí,4,Excelente,Excelente,Excelente,['Cumplió completamente'],7,Muy probable,No he considerado abandonar el servicio.,Simplificar algunos procesos de uso del servicio.
cliente.sintetico.0489@synthetic.test,1 a 2 años,Diariamente,No,3,Bueno,Excelente,Aceptable,['Cumplió completamente'],5,Probable,Falta de algunas funcionalidades.,Reducir los tiempos de respuesta de soporte.
cliente.sintetico.0490@example.net,1 a 2 años,Diariamente,Sí,4,Bueno,Excelente,Excelente,['Cumplió completamente'],7,Probable,No he considerado abandonar el servicio.,Mejorar la atención y el seguimiento de los casos.
cliente.sintetico.0491@example.net,6 a 12 meses,Varias veces por semana,No,4,Aceptable,Excelente,Excelente,['Cumplió parcialmente'],7,Muy probable,No he considerado abandonar el servicio.,Simplificar algunos procesos de uso del servicio.
cliente.sintetico.0492@synthetic.test,Más de 2 años,Varias veces por semana,No,2,Bueno,Bueno,Excelente,['Cumplió parcialmente'],6,Probable,El servicio cumple con lo esperado.,Mejorar la estabilidad y disponibilidad del servicio.
cliente.sintetico.0493@synthetic.test,Menos de 3 meses,Varias veces por semana,No,5,Excelente,Excelente,Excelente,['Superó ampliamente'],9,Muy probable,No he considerado abandonar el servicio.,Mejorar la atención y el seguimiento de los casos.
cliente.sintetico.0494@synthetic.test,3 a 6 meses,Mensualmente,No,5,Bueno,Bueno,Excelente,['Cumplió completamente'],7,Probable,No he considerado abandonar el servicio.,Reducir los tiempos de respuesta de soporte.
cliente.sintetico.0495@example.com,1 a 2 años,Varias veces por semana,No,4,Bueno,Bueno,Aceptable,['Superó ampliamente'],8,Muy probable,No he considerado abandonar el servicio.,Mejorar la estabilidad y disponibilidad del servicio.
cliente.sintetico.0496@synthetic.test,1 a 2 años,Diariamente,Sí,1,Deficiente,Aceptable,Deficiente,['Cumplió parcialmente'],1,Poco probable,Necesito mayor flexibilidad.,Mejorar la atención y el seguimiento de los casos.
cliente.sintetico.0497@example.com,Más de 2 años,Varias veces por semana,No,2,Bueno,Bueno,Excelente,['Cumplió parcialmente'],6,Nada probable,Falta de algunas funcionalidades.,Mejorar la estabilidad y disponibilidad del servicio.
cliente.sintetico.0498@example.net,3 a 6 meses,Varias veces por semana,Sí,4,Bueno,Excelente,Aceptable,['Cumplió completamente'],7,Probable,No he considerado abandonar el servicio.,Reducir los tiempos de respuesta de soporte.
cliente.sintetico.0499@example.com,Más de 2 años,Varias veces por semana,No,5,Excelente,Excelente,Excelente,['Cumplió completamente'],10,Probable,No he considerado abandonar el servicio.,Agregar más funcionalidades y opciones de personalización.
cliente.sintetico.0500@synthetic.test,1 a 2 años,Varias veces por semana,No,4,Aceptable,Excelente,Excelente,['Cumplió completamente'],7,Poco probable,Problemas de comunicación y seguimiento.,No considero necesaria una mejora urgente; el servicio funciona bien.
cliente.sintetico.0501@example.net,Más de 2 años,Varias veces al día,Sí,2,Bueno,Deficiente,Aceptable,['Cumplió poco'],2,Nada probable,Problemas técnicos recurrentes.,No considero necesaria una mejora urgente; el servicio funciona bien.
cliente.sintetico.0502@example.net,Menos de 3 meses,Varias veces por semana,No,5,Excelente,Excelente,Excelente,['Superó ampliamente'],9,Muy probable,No he considerado abandonar el servicio.,Ofrecer una comunicación más clara sobre incidentes y retrasos.
cliente.sintetico.0503@synthetic.test,Más de 2 años,Varias veces por semana,Sí,2,Bueno,Aceptable,Deficiente,['Cumplió parcialmente'],6,Poco probable,El servicio cumple con lo esperado.,Mejorar la relación entre precio y beneficios.
cliente.sintetico.0504@example.com,6 a 12 meses,Varias veces por semana,Sí,5,Excelente,Excelente,Bueno,['Cumplió completamente'],7,Probable,No he considerado abandonar el servicio.,No considero necesaria una mejora urgente; el servicio funciona bien.
cliente.sintetico.0505@example.com,6 a 12 meses,Semanalmente,No,5,Bueno,Bueno,Excelente,['Cumplió completamente'],10,Muy probable,No he considerado abandonar el servicio.,Simplificar algunos procesos de uso del servicio.
cliente.sintetico.0506@example.net,6 a 12 meses,Semanalmente,No,2,Bueno,Excelente,Aceptable,['Cumplió parcialmente'],5,Probable,Tiempos de respuesta de soporte.,Resolver los casos técnicos con mayor rapidez.
cliente.sintetico.0507@example.com,Más de 2 años,Quincenalmente,Sí,3,Deficiente,Aceptable,Bueno,['Cumplió parcialmente'],3,Nada probable,Problemas de comunicación y seguimiento.,Mejorar la atención y el seguimiento de los casos.
cliente.sintetico.0508@synthetic.test,Más de 2 años,Diariamente,Sí,3,Bueno,Bueno,Excelente,['Cumplió parcialmente'],6,Poco probable,El servicio cumple con lo esperado.,Agregar más funcionalidades y opciones de personalización.
cliente.sintetico.0509@synthetic.test,Más de 2 años,Diariamente,Sí,4,Bueno,Excelente,Bueno,['Cumplió completamente'],9,Muy probable,No he considerado abandonar el servicio.,Mejorar la relación entre precio y beneficios.
cliente.sintetico.0510@example.net,3 a 6 meses,Varias veces por semana,No,5,Bueno,Aceptable,Excelente,['Superó ampliamente'],9,Muy probable,Tiempos de respuesta de soporte.,Simplificar algunos procesos de uso del servicio.
cliente.sintetico.0511@example.com,Menos de 3 meses,Varias veces por semana,No,3,Excelente,Excelente,Bueno,['Cumplió completamente'],6,Probable,No he considerado abandonar el servicio.,Simplificar algunos procesos de uso del servicio.
cliente.sintetico.0512@synthetic.test,Menos de 3 meses,Varias veces por semana,No,4,Aceptable,Excelente,Bueno,['Cumplió completamente'],8,Poco probable,Problemas técnicos recurrentes.,Mejorar la relación entre precio y beneficios.
cliente.sintetico.0513@example.com,Más de 2 años,Mensualmente,No,5,Excelente,Bueno,Excelente,['Cumplió completamente'],8,Poco probable,El precio es elevado para el valor percibido.,Simplificar algunos procesos de uso del servicio.
cliente.sintetico.0514@synthetic.test,Menos de 3 meses,Diariamente,No,3,Aceptable,Bueno,Aceptable,['Cumplió completamente'],3,Probable,No he considerado abandonar el servicio.,Mejorar la relación entre precio y beneficios.
cliente.sintetico.0515@example.net,6 a 12 meses,Mensualmente,No,3,Excelente,Bueno,Bueno,['Superó ampliamente'],8,Poco probable,Tiempos de respuesta de soporte.,Reducir interrupciones y tiempos de espera.
cliente.sintetico.0516@example.com,Más de 2 años,Diariamente,No,5,Excelente,Bueno,Excelente,['Cumplió completamente'],10,Muy probable,El servicio cumple con lo esperado.,Reducir los tiempos de respuesta de soporte.
cliente.sintetico.0517@example.net,Menos de 3 meses,Varias veces por semana,No,4,Aceptable,Excelente,Bueno,['Cumplió parcialmente'],7,Probable,No he considerado abandonar el servicio.,Reducir los tiempos de respuesta de soporte.
cliente.sintetico.0518@example.com,Más de 2 años,Semanalmente,No,2,Excelente,Bueno,Aceptable,['Cumplió parcialmente'],3,Nada probable,Falta de algunas funcionalidades.,Ofrecer una comunicación más clara sobre incidentes y retrasos.
cliente.sintetico.0519@synthetic.test,Más de 2 años,Diariamente,No,1,Bueno,Deficiente,Aceptable,['No cumplió'],3,Nada probable,El servicio cumple con lo esperado.,Ofrecer una comunicación más clara sobre incidentes y retrasos.
cliente.sintetico.0520@example.net,Menos de 3 meses,Varias veces por semana,No,3,Excelente,Aceptable,Bueno,['Cumplió completamente'],7,Probable,No he considerado abandonar el servicio.,Mejorar la relación entre precio y beneficios.
cliente.sintetico.0521@example.net,3 a 6 meses,Semanalmente,Sí,4,Excelente,Excelente,Bueno,['Cumplió completamente'],6,Poco probable,No he considerado abandonar el servicio.,Ofrecer una comunicación más clara sobre incidentes y retrasos.
cliente.sintetico.0522@synthetic.test,1 a 2 años,Varias veces al día,No,4,Bueno,Bueno,Excelente,['Cumplió parcialmente'],6,Poco probable,Problemas de comunicación y seguimiento.,Mejorar la estabilidad y disponibilidad del servicio.
cliente.sintetico.0523@example.com,Menos de 3 meses,Diariamente,No,4,Excelente,Excelente,Aceptable,['Superó ampliamente'],9,Probable,No he considerado abandonar el servicio.,Ofrecer una comunicación más clara sobre incidentes y retrasos.
cliente.sintetico.0524@synthetic.test,1 a 2 años,Diariamente,No,4,Aceptable,Bueno,Deficiente,['Cumplió completamente'],6,Poco probable,Estoy comparando alternativas.,Reducir interrupciones y tiempos de espera.
cliente.sintetico.0525@example.net,1 a 2 años,Semanalmente,No,3,Aceptable,Bueno,Bueno,['Cumplió parcialmente'],4,Probable,Problemas técnicos recurrentes.,Resolver los casos técnicos con mayor rapidez.
cliente.sintetico.0526@synthetic.test,1 a 2 años,Varias veces por semana,No,2,Excelente,Aceptable,Bueno,['Cumplió parcialmente'],7,Probable,No he considerado abandonar el servicio.,Reducir los tiempos de respuesta de soporte.
cliente.sintetico.0527@example.com,Más de 2 años,Varias veces por semana,No,3,Bueno,Bueno,Bueno,['Cumplió parcialmente'],7,Probable,Estoy comparando alternativas.,Reducir los tiempos de respuesta de soporte.
cliente.sintetico.0528@example.com,6 a 12 meses,Semanalmente,No,4,Excelente,Excelente,Bueno,['Cumplió completamente'],10,Muy probable,Estoy comparando alternativas.,Simplificar algunos procesos de uso del servicio.
cliente.sintetico.0529@example.net,1 a 2 años,Diariamente,No,5,Bueno,Excelente,Excelente,['Cumplió poco'],9,Muy probable,No he considerado abandonar el servicio.,Agregar más funcionalidades y opciones de personalización.
cliente.sintetico.0530@example.com,1 a 2 años,Varias veces por semana,Sí,5,Deficiente,Aceptable,Bueno,['Superó ampliamente'],8,Probable,El servicio cumple con lo esperado.,Reducir interrupciones y tiempos de espera.
cliente.sintetico.0531@synthetic.test,1 a 2 años,Varias veces al día,No,5,Excelente,Aceptable,Excelente,['Cumplió completamente'],10,Probable,No he considerado abandonar el servicio.,Mejorar la atención y el seguimiento de los casos.
cliente.sintetico.0532@example.com,6 a 12 meses,Diariamente,No,2,Bueno,Excelente,Aceptable,['Cumplió completamente'],6,Nada probable,Problemas técnicos recurrentes.,Mejorar la relación entre precio y beneficios.
cliente.sintetico.0533@example.com,6 a 12 meses,Quincenalmente,No,4,Excelente,Bueno,Excelente,['Superó ampliamente'],9,Muy probable,No he considerado abandonar el servicio.,Reducir los tiempos de respuesta de soporte.
cliente.sintetico.0534@example.net,6 a 12 meses,Varias veces por semana,Sí,1,Aceptable,Deficiente,Aceptable,['No cumplió'],2,Muy probable,No he considerado abandonar el servicio.,Mejorar la relación entre precio y beneficios.
cliente.sintetico.0535@synthetic.test,Menos de 3 meses,Diariamente,No,3,Aceptable,Aceptable,Aceptable,['Cumplió completamente'],6,Probable,No he considerado abandonar el servicio.,Resolver los casos técnicos con mayor rapidez.
cliente.sintetico.0536@example.net,Más de 2 años,Diariamente,No,5,Excelente,Excelente,Excelente,['Superó ampliamente'],10,Probable,No he considerado abandonar el servicio.,No considero necesaria una mejora urgente; el servicio funciona bien.
cliente.sintetico.0537@synthetic.test,3 a 6 meses,Diariamente,No,4,Excelente,Deficiente,Aceptable,['Cumplió completamente'],6,Probable,No he considerado abandonar el servicio.,Mejorar la estabilidad y disponibilidad del servicio.
cliente.sintetico.0538@example.net,3 a 6 meses,Diariamente,No,4,Bueno,Bueno,Excelente,['Cumplió completamente'],7,Probable,No he considerado abandonar el servicio.,Mejorar la relación entre precio y beneficios.
cliente.sintetico.0539@example.com,Más de 2 años,Rara vez,Sí,3,Aceptable,Excelente,Excelente,['Cumplió completamente'],6,Poco probable,No he considerado abandonar el servicio.,Reducir interrupciones y tiempos de espera.
cliente.sintetico.0540@example.com,1 a 2 años,Varias veces por semana,Sí,4,Bueno,Excelente,Excelente,['Cumplió completamente'],7,Probable,No he considerado abandonar el servicio.,Mejorar la estabilidad y disponibilidad del servicio.
cliente.sintetico.0541@synthetic.test,3 a 6 meses,Varias veces por semana,Sí,2,Bueno,Bueno,Aceptable,['Cumplió completamente'],7,Probable,Problemas de comunicación y seguimiento.,Resolver los casos técnicos con mayor rapidez.
cliente.sintetico.0542@example.com,Más de 2 años,Diariamente,Sí,5,Excelente,Bueno,Bueno,['Cumplió completamente'],6,Probable,No he considerado abandonar el servicio.,Simplificar algunos procesos de uso del servicio.
cliente.sintetico.0543@example.net,1 a 2 años,Varias veces por semana,No,1,Deficiente,Aceptable,Aceptable,['Cumplió parcialmente'],2,Poco probable,Problemas de comunicación y seguimiento.,Agregar más funcionalidades y opciones de personalización.
cliente.sintetico.0544@example.com,Más de 2 años,Semanalmente,Sí,4,Excelente,Bueno,Excelente,['Cumplió completamente'],6,Poco probable,Necesito mayor flexibilidad.,Simplificar algunos procesos de uso del servicio.
cliente.sintetico.0545@example.com,1 a 2 años,Diariamente,No,3,Aceptable,Bueno,Excelente,['Cumplió parcialmente'],5,Probable,El precio es elevado para el valor percibido.,Simplificar algunos procesos de uso del servicio.
cliente.sintetico.0546@example.com,1 a 2 años,Varias veces por semana,No,2,Deficiente,Aceptable,Aceptable,['Cumplió parcialmente'],3,Probable,No he considerado abandonar el servicio.,Resolver los casos técnicos con mayor rapidez.
cliente.sintetico.0547@example.com,1 a 2 años,Semanalmente,Sí,3,Aceptable,Aceptable,Bueno,['Cumplió completamente'],6,Probable,Falta de algunas funcionalidades.,Ofrecer una comunicación más clara sobre incidentes y retrasos.
cliente.sintetico.0548@example.net,1 a 2 años,Mensualmente,No,5,Excelente,Bueno,Excelente,['Cumplió completamente'],9,Probable,No he considerado abandonar el servicio.,Mejorar la relación entre precio y beneficios.
cliente.sintetico.0549@example.com,Más de 2 años,Varias veces por semana,No,3,Excelente,Excelente,Bueno,['Superó ampliamente'],8,Poco probable,Retrasos en la entrega del servicio.,Mejorar la atención y el seguimiento de los casos.
cliente.sintetico.0550@example.com,6 a 12 meses,Diariamente,No,4,Bueno,Bueno,Excelente,['Cumplió completamente'],10,Muy probable,No he considerado abandonar el servicio.,Simplificar algunos procesos de uso del servicio.
cliente.sintetico.0551@synthetic.test,Menos de 3 meses,Quincenalmente,No,2,Excelente,Bueno,Bueno,['Superó ampliamente'],7,Poco probable,Retrasos en la entrega del servicio.,No considero necesaria una mejora urgente; el servicio funciona bien.
cliente.sintetico.0552@example.com,6 a 12 meses,Varias veces por semana,Sí,2,Excelente,Bueno,Deficiente,['Cumplió parcialmente'],3,Poco probable,Retrasos en la entrega del servicio.,Resolver los casos técnicos con mayor rapidez.
cliente.sintetico.0553@example.net,Más de 2 años,Rara vez,No,5,Excelente,Excelente,Bueno,['Cumplió completamente'],9,Muy probable,No he considerado abandonar el servicio.,Mejorar la estabilidad y disponibilidad del servicio.
cliente.sintetico.0554@synthetic.test,3 a 6 meses,Diariamente,No,3,Excelente,Bueno,Bueno,['Cumplió completamente'],9,Probable,No he considerado abandonar el servicio.,Mejorar la estabilidad y disponibilidad del servicio.
cliente.sintetico.0555@example.com,1 a 2 años,Quincenalmente,Sí,4,Excelente,Excelente,Bueno,['Cumplió completamente'],6,Probable,Necesito mayor flexibilidad.,Mejorar la atención y el seguimiento de los casos.
cliente.sintetico.0556@example.net,1 a 2 años,Semanalmente,No,3,Bueno,Bueno,Aceptable,['Cumplió parcialmente'],6,Probable,No he considerado abandonar el servicio.,Reducir los tiempos de respuesta de soporte.
cliente.sintetico.0557@synthetic.test,Más de 2 años,Varias veces al día,No,3,Aceptable,Bueno,Bueno,['Cumplió parcialmente'],6,Probable,No he considerado abandonar el servicio.,Mejorar la atención y el seguimiento de los casos.
cliente.sintetico.0558@example.net,6 a 12 meses,Diariamente,Sí,1,Deficiente,Bueno,Excelente,['Cumplió parcialmente'],3,Nada probable,No he considerado abandonar el servicio.,Simplificar algunos procesos de uso del servicio.
cliente.sintetico.0559@synthetic.test,6 a 12 meses,Varias veces al día,No,5,Excelente,Excelente,Excelente,['Superó ampliamente'],10,Muy probable,No he considerado abandonar el servicio.,Mejorar la relación entre precio y beneficios.
cliente.sintetico.0560@example.net,1 a 2 años,Semanalmente,No,3,Bueno,Excelente,Bueno,['Cumplió completamente'],6,Probable,No he considerado abandonar el servicio.,Mejorar la atención y el seguimiento de los casos.
cliente.sintetico.0561@synthetic.test,Más de 2 años,Varias veces por semana,No,4,Excelente,Excelente,Excelente,['Cumplió completamente'],9,Muy probable,Problemas técnicos recurrentes.,Agregar más funcionalidades y opciones de personalización.
cliente.sintetico.0562@example.net,Más de 2 años,Diariamente,No,2,Bueno,Bueno,Excelente,['Cumplió completamente'],6,Poco probable,El precio es elevado para el valor percibido.,Agregar más funcionalidades y opciones de personalización.
cliente.sintetico.0563@example.com,Menos de 3 meses,Mensualmente,No,5,Excelente,Excelente,Excelente,['Cumplió completamente'],9,Probable,No he considerado abandonar el servicio.,Mejorar la atención y el seguimiento de los casos.
cliente.sintetico.0564@example.com,6 a 12 meses,Diariamente,No,4,Bueno,Bueno,Excelente,['Cumplió completamente'],9,Muy probable,No he considerado abandonar el servicio.,Reducir los tiempos de respuesta de soporte.
cliente.sintetico.0565@synthetic.test,Más de 2 años,Mensualmente,No,4,Excelente,Bueno,Excelente,['Cumplió completamente'],8,Poco probable,El servicio cumple con lo esperado.,Mejorar la estabilidad y disponibilidad del servicio.
cliente.sintetico.0566@example.com,1 a 2 años,Semanalmente,No,4,Excelente,Bueno,Bueno,['Cumplió completamente'],7,Muy probable,No he considerado abandonar el servicio.,Ofrecer una comunicación más clara sobre incidentes y retrasos.
cliente.sintetico.0567@example.net,6 a 12 meses,Mensualmente,No,5,Aceptable,Excelente,Excelente,['Cumplió parcialmente'],10,Muy probable,No he considerado abandonar el servicio.,Reducir los tiempos de respuesta de soporte.
cliente.sintetico.0568@example.net,Más de 2 años,Diariamente,No,3,Bueno,Bueno,Bueno,['Cumplió parcialmente'],5,Nada probable,El servicio cumple con lo esperado.,Mejorar la relación entre precio y beneficios.
cliente.sintetico.0569@synthetic.test,Más de 2 años,Semanalmente,No,3,Bueno,Bueno,Aceptable,['Cumplió completamente'],5,Poco probable,Retrasos en la entrega del servicio.,Simplificar algunos procesos de uso del servicio.
cliente.sintetico.0570@synthetic.test,1 a 2 años,Semanalmente,Sí,2,Deficiente,Excelente,Aceptable,['Cumplió completamente'],4,Nada probable,Retrasos en la entrega del servicio.,Agregar más funcionalidades y opciones de personalización.
cliente.sintetico.0571@example.com,Más de 2 años,Quincenalmente,No,5,Bueno,Excelente,Excelente,['Superó ampliamente'],10,Poco probable,Problemas de comunicación y seguimiento.,Reducir interrupciones y tiempos de espera.
cliente.sintetico.0572@synthetic.test,Más de 2 años,Varias veces por semana,No,4,Bueno,Excelente,Excelente,['Cumplió completamente'],10,Muy probable,Problemas técnicos recurrentes.,Resolver los casos técnicos con mayor rapidez.
cliente.sintetico.0573@example.com,Más de 2 años,Semanalmente,No,2,Deficiente,Aceptable,Bueno,['Cumplió completamente'],4,Poco probable,Estoy comparando alternativas.,Mejorar la estabilidad y disponibilidad del servicio.
cliente.sintetico.0574@example.com,Más de 2 años,Diariamente,No,4,Bueno,Bueno,Excelente,['Cumplió completamente'],7,Probable,No he considerado abandonar el servicio.,Mejorar la atención y el seguimiento de los casos.
cliente.sintetico.0575@synthetic.test,Más de 2 años,Varias veces por semana,Sí,3,Bueno,Excelente,Excelente,['Cumplió completamente'],7,Probable,Necesito mayor flexibilidad.,No considero necesaria una mejora urgente; el servicio funciona bien.
cliente.sintetico.0576@example.com,6 a 12 meses,Diariamente,No,1,Deficiente,Bueno,Aceptable,['Cumplió parcialmente'],2,Poco probable,Problemas de comunicación y seguimiento.,Ofrecer una comunicación más clara sobre incidentes y retrasos.
cliente.sintetico.0577@synthetic.test,Más de 2 años,Mensualmente,Sí,2,Bueno,Aceptable,Aceptable,['Cumplió completamente'],1,Poco probable,No he considerado abandonar el servicio.,Agregar más funcionalidades y opciones de personalización.
cliente.sintetico.0578@example.com,1 a 2 años,Diariamente,No,4,Excelente,Excelente,Excelente,['Cumplió completamente'],8,Probable,No he considerado abandonar el servicio.,Reducir los tiempos de respuesta de soporte.
cliente.sintetico.0579@example.com,Más de 2 años,Varias veces al día,No,4,Excelente,Excelente,Excelente,['Cumplió completamente'],10,Probable,No he considerado abandonar el servicio.,Mejorar la atención y el seguimiento de los casos.
cliente.sintetico.0580@synthetic.test,Más de 2 años,Rara vez,No,4,Bueno,Excelente,Excelente,['Cumplió completamente'],7,Probable,No he considerado abandonar el servicio.,Simplificar algunos procesos de uso del servicio.
cliente.sintetico.0581@synthetic.test,Más de 2 años,Varias veces al día,No,3,Aceptable,Bueno,Aceptable,['Cumplió parcialmente'],7,Poco probable,Retrasos en la entrega del servicio.,Ofrecer una comunicación más clara sobre incidentes y retrasos.
cliente.sintetico.0582@synthetic.test,Más de 2 años,Varias veces al día,Sí,1,Aceptable,Deficiente,Deficiente,['Cumplió parcialmente'],1,Nada probable,No he considerado abandonar el servicio.,Resolver los casos técnicos con mayor rapidez.
cliente.sintetico.0583@example.net,Más de 2 años,Diariamente,Sí,2,Excelente,Aceptable,Excelente,['Cumplió parcialmente'],2,Nada probable,El precio es elevado para el valor percibido.,Mejorar la estabilidad y disponibilidad del servicio.
cliente.sintetico.0584@synthetic.test,6 a 12 meses,Varias veces por semana,No,4,Bueno,Excelente,Excelente,['Cumplió parcialmente'],9,Muy probable,No he considerado abandonar el servicio.,Mejorar la estabilidad y disponibilidad del servicio.
cliente.sintetico.0585@synthetic.test,1 a 2 años,Semanalmente,No,5,Excelente,Excelente,Bueno,['Cumplió completamente'],10,Muy probable,No he considerado abandonar el servicio.,Reducir interrupciones y tiempos de espera.
cliente.sintetico.0586@synthetic.test,1 a 2 años,Diariamente,No,1,Deficiente,Aceptable,Deficiente,['Cumplió poco'],2,Probable,No he considerado abandonar el servicio.,Resolver los casos técnicos con mayor rapidez.
cliente.sintetico.0587@example.net,6 a 12 meses,Semanalmente,Sí,3,Excelente,Aceptable,Bueno,['Cumplió parcialmente'],5,Probable,Tiempos de respuesta de soporte.,Reducir los tiempos de respuesta de soporte.
cliente.sintetico.0588@example.net,1 a 2 años,Varias veces por semana,No,4,Bueno,Aceptable,Bueno,['Cumplió completamente'],7,Muy probable,Estoy comparando alternativas.,Mejorar la estabilidad y disponibilidad del servicio.
cliente.sintetico.0589@example.net,Más de 2 años,Varias veces por semana,Sí,5,Excelente,Aceptable,Bueno,['Cumplió completamente'],8,Probable,No he considerado abandonar el servicio.,Ofrecer una comunicación más clara sobre incidentes y retrasos.
cliente.sintetico.0590@example.net,Más de 2 años,Varias veces por semana,Sí,2,Aceptable,Bueno,Aceptable,['Cumplió parcialmente'],5,Probable,No he considerado abandonar el servicio.,Simplificar algunos procesos de uso del servicio.
cliente.sintetico.0591@example.net,Más de 2 años,Diariamente,Sí,1,Deficiente,Aceptable,Aceptable,['Cumplió poco'],2,Probable,No he considerado abandonar el servicio.,Agregar más funcionalidades y opciones de personalización.
cliente.sintetico.0592@synthetic.test,6 a 12 meses,Semanalmente,Sí,4,Bueno,Excelente,Bueno,['Superó ampliamente'],6,Probable,No he considerado abandonar el servicio.,Reducir los tiempos de respuesta de soporte.
cliente.sintetico.0593@synthetic.test,6 a 12 meses,Semanalmente,No,4,Excelente,Bueno,Excelente,['Superó ampliamente'],10,Muy probable,No he considerado abandonar el servicio.,No considero necesaria una mejora urgente; el servicio funciona bien.
cliente.sintetico.0594@synthetic.test,Más de 2 años,Varias veces por semana,Sí,1,Aceptable,Aceptable,Bueno,['Cumplió parcialmente'],2,Poco probable,El servicio cumple con lo esperado.,Ofrecer una comunicación más clara sobre incidentes y retrasos.
cliente.sintetico.0595@synthetic.test,Más de 2 años,Semanalmente,No,5,Excelente,Excelente,Excelente,['Cumplió completamente'],9,Muy probable,No he considerado abandonar el servicio.,Simplificar algunos procesos de uso del servicio.
cliente.sintetico.0596@synthetic.test,Más de 2 años,Semanalmente,No,5,Excelente,Excelente,Excelente,['Cumplió parcialmente'],7,Probable,No he considerado abandonar el servicio.,Agregar más funcionalidades y opciones de personalización.
cliente.sintetico.0597@example.net,6 a 12 meses,Diariamente,No,5,Bueno,Excelente,Bueno,['Cumplió completamente'],9,Muy probable,Problemas técnicos recurrentes.,Reducir los tiempos de respuesta de soporte.
cliente.sintetico.0598@example.net,3 a 6 meses,Diariamente,No,1,Aceptable,Aceptable,Aceptable,['Cumplió parcialmente'],3,Nada probable,El servicio cumple con lo esperado.,Mejorar la estabilidad y disponibilidad del servicio.
cliente.sintetico.0599@synthetic.test,Más de 2 años,Varias veces por semana,No,2,Aceptable,Aceptable,Bueno,['Cumplió parcialmente'],4,Poco probable,No he considerado abandonar el servicio.,Simplificar algunos procesos de uso del servicio.
cliente.sintetico.0600@synthetic.test,Más de 2 años,Diariamente,No,4,Excelente,Excelente,Excelente,['Cumplió completamente'],8,Probable,Estoy comparando alternativas.,Simplificar algunos procesos de uso del servicio.
cliente.sintetico.0601@example.com,6 a 12 meses,Semanalmente,No,4,Excelente,Bueno,Excelente,['Superó ampliamente'],9,Muy probable,Retrasos en la entrega del servicio.,Mejorar la relación entre precio y beneficios.
cliente.sintetico.0602@example.net,3 a 6 meses,Semanalmente,No,3,Aceptable,Deficiente,Bueno,['No cumplió'],6,Probable,No he considerado abandonar el servicio.,Simplificar algunos procesos de uso del servicio.
cliente.sintetico.0603@synthetic.test,Más de 2 años,Varias veces por semana,Sí,5,Bueno,Bueno,Bueno,['Superó ampliamente'],7,Poco probable,No he considerado abandonar el servicio.,Resolver los casos técnicos con mayor rapidez.
cliente.sintetico.0604@example.net,3 a 6 meses,Semanalmente,No,3,Bueno,Excelente,Bueno,['Cumplió parcialmente'],6,Probable,No he considerado abandonar el servicio.,Reducir los tiempos de respuesta de soporte.
cliente.sintetico.0605@example.com,6 a 12 meses,Varias veces al día,Sí,4,Bueno,Bueno,Excelente,['Cumplió completamente'],5,Probable,No he considerado abandonar el servicio.,Mejorar la relación entre precio y beneficios.
cliente.sintetico.0606@synthetic.test,Más de 2 años,Varias veces por semana,No,4,Excelente,Excelente,Excelente,['Cumplió completamente'],8,Probable,No he considerado abandonar el servicio.,Mejorar la atención y el seguimiento de los casos.
cliente.sintetico.0607@example.com,1 a 2 años,Mensualmente,Sí,2,Bueno,Deficiente,Excelente,['Cumplió poco'],5,Probable,No he considerado abandonar el servicio.,Agregar más funcionalidades y opciones de personalización.
cliente.sintetico.0608@synthetic.test,3 a 6 meses,Semanalmente,No,5,Excelente,Bueno,Excelente,['Superó ampliamente'],9,Muy probable,Falta de algunas funcionalidades.,Mejorar la estabilidad y disponibilidad del servicio.
cliente.sintetico.0609@example.com,1 a 2 años,Mensualmente,Sí,2,Bueno,Bueno,Aceptable,['Cumplió parcialmente'],3,Poco probable,Estoy comparando alternativas.,Ofrecer una comunicación más clara sobre incidentes y retrasos.
cliente.sintetico.0610@example.net,Más de 2 años,Quincenalmente,Sí,3,Bueno,Excelente,Bueno,['Cumplió parcialmente'],5,Poco probable,Problemas técnicos recurrentes.,Agregar más funcionalidades y opciones de personalización.
cliente.sintetico.0611@example.com,Más de 2 años,Varias veces al día,Sí,5,Bueno,Bueno,Bueno,['Cumplió completamente'],9,Muy probable,No he considerado abandonar el servicio.,Mejorar la atención y el seguimiento de los casos.
cliente.sintetico.0612@synthetic.test,1 a 2 años,Diariamente,No,5,Excelente,Excelente,Bueno,['Cumplió completamente'],7,Probable,No he considerado abandonar el servicio.,Mejorar la estabilidad y disponibilidad del servicio.
cliente.sintetico.0613@example.com,6 a 12 meses,Quincenalmente,No,5,Excelente,Excelente,Bueno,['Superó ampliamente'],10,Muy probable,El servicio cumple con lo esperado.,Reducir interrupciones y tiempos de espera.
cliente.sintetico.0614@example.com,1 a 2 años,Varias veces al día,No,4,Excelente,Bueno,Bueno,['Cumplió completamente'],7,Probable,No he considerado abandonar el servicio.,Mejorar la estabilidad y disponibilidad del servicio.
cliente.sintetico.0615@synthetic.test,3 a 6 meses,Diariamente,No,3,Bueno,Aceptable,Aceptable,['Cumplió completamente'],7,Probable,Problemas técnicos recurrentes.,Mejorar la estabilidad y disponibilidad del servicio.
cliente.sintetico.0616@example.com,1 a 2 años,Varias veces por semana,No,2,Bueno,Excelente,Bueno,['Cumplió parcialmente'],5,Probable,No he considerado abandonar el servicio.,Reducir los tiempos de respuesta de soporte.
cliente.sintetico.0617@example.net,1 a 2 años,Varias veces por semana,Sí,4,Excelente,Excelente,Excelente,['Cumplió completamente'],7,Probable,Problemas técnicos recurrentes.,Mejorar la estabilidad y disponibilidad del servicio.
cliente.sintetico.0618@synthetic.test,Más de 2 años,Semanalmente,No,3,Bueno,Bueno,Excelente,['Cumplió completamente'],6,Poco probable,El servicio cumple con lo esperado.,Ofrecer una comunicación más clara sobre incidentes y retrasos.
cliente.sintetico.0619@example.com,1 a 2 años,Quincenalmente,Sí,3,Bueno,Bueno,Aceptable,['Cumplió parcialmente'],6,Poco probable,Necesito mayor flexibilidad.,No considero necesaria una mejora urgente; el servicio funciona bien.
cliente.sintetico.0620@example.com,3 a 6 meses,Diariamente,No,3,Bueno,Excelente,Excelente,['Cumplió completamente'],6,Poco probable,Falta de algunas funcionalidades.,Ofrecer una comunicación más clara sobre incidentes y retrasos.
cliente.sintetico.0621@synthetic.test,Más de 2 años,Varias veces por semana,No,3,Excelente,Bueno,Aceptable,['Cumplió completamente'],6,Muy probable,Estoy comparando alternativas.,Mejorar la atención y el seguimiento de los casos.
cliente.sintetico.0622@example.com,1 a 2 años,Semanalmente,No,5,Excelente,Excelente,Excelente,['Cumplió completamente'],9,Muy probable,No he considerado abandonar el servicio.,Reducir los tiempos de respuesta de soporte.
cliente.sintetico.0623@synthetic.test,Más de 2 años,Semanalmente,No,3,Aceptable,Excelente,Excelente,['Superó ampliamente'],6,Probable,No he considerado abandonar el servicio.,No considero necesaria una mejora urgente; el servicio funciona bien.
cliente.sintetico.0624@synthetic.test,1 a 2 años,Mensualmente,Sí,5,Excelente,Bueno,Aceptable,['Cumplió completamente'],8,Muy probable,No he considerado abandonar el servicio.,No considero necesaria una mejora urgente; el servicio funciona bien.
cliente.sintetico.0625@example.com,Menos de 3 meses,Semanalmente,Sí,3,Excelente,Excelente,Bueno,['Superó ampliamente'],7,Probable,No he considerado abandonar el servicio.,Ofrecer una comunicación más clara sobre incidentes y retrasos.
cliente.sintetico.0626@example.net,6 a 12 meses,Semanalmente,No,4,Excelente,Bueno,Bueno,['Cumplió parcialmente'],7,Probable,No he considerado abandonar el servicio.,Agregar más funcionalidades y opciones de personalización.
cliente.sintetico.0627@example.net,1 a 2 años,Diariamente,No,4,Excelente,Bueno,Excelente,['Cumplió parcialmente'],10,Muy probable,No he considerado abandonar el servicio.,Reducir interrupciones y tiempos de espera.
cliente.sintetico.0628@example.net,1 a 2 años,Semanalmente,No,3,Bueno,Excelente,Bueno,['Cumplió completamente'],7,Muy probable,El servicio cumple con lo esperado.,Mejorar la atención y el seguimiento de los casos.
cliente.sintetico.0629@example.net,Más de 2 años,Quincenalmente,No,4,Bueno,Bueno,Bueno,['Cumplió parcialmente'],8,Probable,No he considerado abandonar el servicio.,Mejorar la relación entre precio y beneficios.
cliente.sintetico.0630@synthetic.test,1 a 2 años,Diariamente,No,4,Excelente,Excelente,Excelente,['Superó ampliamente'],9,Probable,No he considerado abandonar el servicio.,Ofrecer una comunicación más clara sobre incidentes y retrasos.
cliente.sintetico.0631@synthetic.test,6 a 12 meses,Diariamente,No,5,Excelente,Aceptable,Excelente,['Cumplió completamente'],7,Probable,No he considerado abandonar el servicio.,Mejorar la estabilidad y disponibilidad del servicio.
cliente.sintetico.0632@example.net,Más de 2 años,Diariamente,No,5,Excelente,Excelente,Excelente,['Superó ampliamente'],9,Muy probable,No he considerado abandonar el servicio.,Mejorar la estabilidad y disponibilidad del servicio.
cliente.sintetico.0633@synthetic.test,3 a 6 meses,Diariamente,No,3,Bueno,Excelente,Excelente,['Cumplió completamente'],3,Probable,No he considerado abandonar el servicio.,Ofrecer una comunicación más clara sobre incidentes y retrasos.
cliente.sintetico.0634@example.com,Menos de 3 meses,Varias veces por semana,No,5,Bueno,Excelente,Excelente,['Cumplió completamente'],10,Probable,No he considerado abandonar el servicio.,Resolver los casos técnicos con mayor rapidez.
cliente.sintetico.0635@example.net,6 a 12 meses,Varias veces al día,No,1,Bueno,Aceptable,Deficiente,['Cumplió poco'],5,Poco probable,No he considerado abandonar el servicio.,Reducir interrupciones y tiempos de espera.
cliente.sintetico.0636@example.net,6 a 12 meses,Mensualmente,No,2,Bueno,Bueno,Bueno,['Cumplió completamente'],7,Probable,No he considerado abandonar el servicio.,No considero necesaria una mejora urgente; el servicio funciona bien.
cliente.sintetico.0637@example.com,1 a 2 años,Varias veces por semana,Sí,3,Bueno,Excelente,Bueno,['Cumplió completamente'],7,Muy probable,No he considerado abandonar el servicio.,No considero necesaria una mejora urgente; el servicio funciona bien.
cliente.sintetico.0638@synthetic.test,1 a 2 años,Varias veces por semana,No,4,Excelente,Bueno,Aceptable,['Cumplió parcialmente'],8,Probable,Problemas de comunicación y seguimiento.,Reducir interrupciones y tiempos de espera.
cliente.sintetico.0639@example.com,Menos de 3 meses,Varias veces por semana,Sí,3,Bueno,Bueno,Bueno,['Cumplió completamente'],5,Probable,Necesito mayor flexibilidad.,No considero necesaria una mejora urgente; el servicio funciona bien.
cliente.sintetico.0640@example.com,Más de 2 años,Varias veces por semana,No,4,Excelente,Bueno,Excelente,['Cumplió completamente'],9,Muy probable,Tiempos de respuesta de soporte.,Reducir interrupciones y tiempos de espera.
cliente.sintetico.0641@example.net,6 a 12 meses,Varias veces por semana,No,1,Bueno,Deficiente,Deficiente,['Cumplió poco'],2,Poco probable,Problemas técnicos recurrentes.,Reducir interrupciones y tiempos de espera.
cliente.sintetico.0642@example.com,1 a 2 años,Diariamente,Sí,3,Excelente,Bueno,Bueno,['Cumplió parcialmente'],6,Probable,Retrasos en la entrega del servicio.,Agregar más funcionalidades y opciones de personalización.
cliente.sintetico.0643@example.com,Más de 2 años,Diariamente,No,5,Excelente,Excelente,Bueno,['Superó ampliamente'],9,Probable,No he considerado abandonar el servicio.,No considero necesaria una mejora urgente; el servicio funciona bien.
cliente.sintetico.0644@example.net,Más de 2 años,Varias veces por semana,No,2,Aceptable,Aceptable,Bueno,['Cumplió parcialmente'],7,Probable,No he considerado abandonar el servicio.,Ofrecer una comunicación más clara sobre incidentes y retrasos.
cliente.sintetico.0645@example.net,Más de 2 años,Diariamente,No,1,Excelente,Deficiente,Aceptable,['Cumplió completamente'],2,Probable,No he considerado abandonar el servicio.,Ofrecer una comunicación más clara sobre incidentes y retrasos.
cliente.sintetico.0646@example.net,1 a 2 años,Varias veces al día,No,3,Aceptable,Aceptable,Bueno,['Cumplió completamente'],6,Probable,No he considerado abandonar el servicio.,Mejorar la estabilidad y disponibilidad del servicio.
cliente.sintetico.0647@example.com,Más de 2 años,Varias veces por semana,Sí,1,Bueno,Bueno,Deficiente,['No cumplió'],2,Poco probable,Tiempos de respuesta de soporte.,Reducir los tiempos de respuesta de soporte.
cliente.sintetico.0648@synthetic.test,6 a 12 meses,Varias veces por semana,No,5,Bueno,Bueno,Excelente,['Cumplió completamente'],10,Muy probable,No he considerado abandonar el servicio.,Simplificar algunos procesos de uso del servicio.
cliente.sintetico.0649@example.com,6 a 12 meses,Varias veces al día,No,5,Excelente,Excelente,Bueno,['Cumplió completamente'],8,Probable,No he considerado abandonar el servicio.,Agregar más funcionalidades y opciones de personalización.
cliente.sintetico.0650@example.net,Más de 2 años,Semanalmente,No,4,Excelente,Bueno,Excelente,['Cumplió parcialmente'],8,Probable,No he considerado abandonar el servicio.,Mejorar la atención y el seguimiento de los casos.
cliente.sintetico.0651@synthetic.test,Más de 2 años,Quincenalmente,No,5,Excelente,Excelente,Excelente,['Cumplió completamente'],9,Muy probable,Necesito mayor flexibilidad.,Agregar más funcionalidades y opciones de personalización.
cliente.sintetico.0652@example.net,1 a 2 años,Semanalmente,No,5,Excelente,Excelente,Bueno,['Cumplió completamente'],9,Muy probable,No he considerado abandonar el servicio.,Reducir interrupciones y tiempos de espera.
cliente.sintetico.0653@synthetic.test,Más de 2 años,Varias veces por semana,Sí,3,Aceptable,Deficiente,Bueno,['Cumplió completamente'],5,Probable,No he considerado abandonar el servicio.,Simplificar algunos procesos de uso del servicio.
cliente.sintetico.0654@synthetic.test,1 a 2 años,Diariamente,No,4,Bueno,Excelente,Excelente,['Cumplió completamente'],10,Probable,No he considerado abandonar el servicio.,Resolver los casos técnicos con mayor rapidez.
cliente.sintetico.0655@example.net,1 a 2 años,Rara vez,No,5,Excelente,Bueno,Excelente,['Cumplió completamente'],10,Muy probable,No he considerado abandonar el servicio.,Agregar más funcionalidades y opciones de personalización.
cliente.sintetico.0656@example.net,Más de 2 años,Semanalmente,No,3,Bueno,Excelente,Bueno,['Cumplió completamente'],6,Poco probable,Falta de algunas funcionalidades.,Agregar más funcionalidades y opciones de personalización.
cliente.sintetico.0657@synthetic.test,Más de 2 años,Mensualmente,Sí,3,Bueno,Excelente,Aceptable,['Superó ampliamente'],7,Probable,No he considerado abandonar el servicio.,Resolver los casos técnicos con mayor rapidez.
cliente.sintetico.0658@example.com,Más de 2 años,Varias veces por semana,No,5,Aceptable,Excelente,Aceptable,['Superó ampliamente'],8,Probable,No he considerado abandonar el servicio.,No considero necesaria una mejora urgente; el servicio funciona bien.
cliente.sintetico.0659@example.net,3 a 6 meses,Diariamente,No,3,Aceptable,Aceptable,Aceptable,['Cumplió completamente'],5,Probable,No he considerado abandonar el servicio.,Mejorar la relación entre precio y beneficios.
cliente.sintetico.0660@example.net,Más de 2 años,Diariamente,No,5,Bueno,Excelente,Bueno,['Superó ampliamente'],8,Probable,No he considerado abandonar el servicio.,Simplificar algunos procesos de uso del servicio.
cliente.sintetico.0661@example.net,6 a 12 meses,Semanalmente,No,5,Excelente,Excelente,Excelente,['Superó ampliamente'],10,Muy probable,Estoy comparando alternativas.,Mejorar la relación entre precio y beneficios.
cliente.sintetico.0662@example.com,1 a 2 años,Diariamente,No,4,Excelente,Excelente,Excelente,['Cumplió parcialmente'],7,Poco probable,Necesito mayor flexibilidad.,Reducir los tiempos de respuesta de soporte.
cliente.sintetico.0663@synthetic.test,1 a 2 años,Semanalmente,Sí,4,Bueno,Bueno,Aceptable,['Cumplió completamente'],7,Probable,No he considerado abandonar el servicio.,Reducir los tiempos de respuesta de soporte.
cliente.sintetico.0664@example.com,1 a 2 años,Mensualmente,No,4,Excelente,Excelente,Excelente,['Cumplió completamente'],9,Muy probable,No he considerado abandonar el servicio.,Reducir los tiempos de respuesta de soporte.
cliente.sintetico.0665@example.net,1 a 2 años,Diariamente,No,5,Aceptable,Bueno,Bueno,['Cumplió poco'],9,Probable,No he considerado abandonar el servicio.,Simplificar algunos procesos de uso del servicio.
cliente.sintetico.0666@example.net,Menos de 3 meses,Varias veces por semana,No,3,Bueno,Bueno,Excelente,['Cumplió completamente'],7,Probable,Necesito mayor flexibilidad.,Mejorar la estabilidad y disponibilidad del servicio.
cliente.sintetico.0667@example.com,3 a 6 meses,Semanalmente,No,5,Excelente,Excelente,Excelente,['Cumplió completamente'],10,Probable,Problemas de comunicación y seguimiento.,Reducir interrupciones y tiempos de espera.
cliente.sintetico.0668@example.com,Más de 2 años,Diariamente,Sí,4,Bueno,Bueno,Aceptable,['Cumplió poco'],7,Probable,No he considerado abandonar el servicio.,Agregar más funcionalidades y opciones de personalización.
cliente.sintetico.0669@example.com,Más de 2 años,Varias veces por semana,No,4,Excelente,Excelente,Bueno,['Cumplió completamente'],8,Muy probable,No he considerado abandonar el servicio.,Reducir los tiempos de respuesta de soporte.
cliente.sintetico.0670@example.com,Más de 2 años,Diariamente,No,4,Excelente,Bueno,Excelente,['Cumplió completamente'],9,Muy probable,No he considerado abandonar el servicio.,Ofrecer una comunicación más clara sobre incidentes y retrasos.
cliente.sintetico.0671@example.net,Más de 2 años,Mensualmente,No,1,Deficiente,Aceptable,Bueno,['No cumplió'],3,Probable,El servicio cumple con lo esperado.,Agregar más funcionalidades y opciones de personalización.
cliente.sintetico.0672@example.net,1 a 2 años,Varias veces por semana,Sí,2,Aceptable,Aceptable,Bueno,['Cumplió parcialmente'],4,Poco probable,El precio es elevado para el valor percibido.,Mejorar la estabilidad y disponibilidad del servicio.
cliente.sintetico.0673@synthetic.test,3 a 6 meses,Semanalmente,Sí,3,Excelente,Bueno,Excelente,['Superó ampliamente'],6,Muy probable,Problemas de comunicación y seguimiento.,Reducir interrupciones y tiempos de espera.
cliente.sintetico.0674@example.net,Más de 2 años,Semanalmente,No,2,Bueno,Aceptable,Bueno,['Cumplió parcialmente'],7,Probable,No he considerado abandonar el servicio.,Simplificar algunos procesos de uso del servicio.
cliente.sintetico.0675@example.com,Más de 2 años,Quincenalmente,Sí,1,Aceptable,Bueno,Aceptable,['Cumplió completamente'],5,Poco probable,El servicio cumple con lo esperado.,No considero necesaria una mejora urgente; el servicio funciona bien.
cliente.sintetico.0676@example.com,Más de 2 años,Varias veces al día,No,5,Excelente,Excelente,Excelente,['Cumplió completamente'],10,Muy probable,No he considerado abandonar el servicio.,Reducir los tiempos de respuesta de soporte.
cliente.sintetico.0677@example.com,Más de 2 años,Varias veces al día,No,5,Excelente,Excelente,Excelente,['Cumplió completamente'],9,Probable,No he considerado abandonar el servicio.,No considero necesaria una mejora urgente; el servicio funciona bien.
cliente.sintetico.0678@synthetic.test,1 a 2 años,Varias veces al día,No,4,Bueno,Bueno,Aceptable,['Cumplió completamente'],9,Probable,El precio es elevado para el valor percibido.,Ofrecer una comunicación más clara sobre incidentes y retrasos.
cliente.sintetico.0679@synthetic.test,Menos de 3 meses,Varias veces por semana,No,5,Excelente,Excelente,Bueno,['Cumplió completamente'],8,Muy probable,Problemas de comunicación y seguimiento.,Reducir los tiempos de respuesta de soporte.
cliente.sintetico.0680@example.com,6 a 12 meses,Semanalmente,No,5,Excelente,Excelente,Bueno,['Superó ampliamente'],10,Probable,No he considerado abandonar el servicio.,Mejorar la relación entre precio y beneficios.
cliente.sintetico.0681@example.com,6 a 12 meses,Varias veces por semana,No,2,Bueno,Bueno,Bueno,['Cumplió completamente'],7,Nada probable,No he considerado abandonar el servicio.,Agregar más funcionalidades y opciones de personalización.
cliente.sintetico.0682@example.net,Más de 2 años,Varias veces por semana,No,2,Aceptable,Aceptable,Excelente,['Cumplió parcialmente'],7,Probable,No he considerado abandonar el servicio.,Reducir los tiempos de respuesta de soporte.
cliente.sintetico.0683@example.net,Más de 2 años,Diariamente,Sí,4,Excelente,Excelente,Aceptable,['Cumplió parcialmente'],6,Poco probable,Estoy comparando alternativas.,Ofrecer una comunicación más clara sobre incidentes y retrasos.
cliente.sintetico.0684@example.com,6 a 12 meses,Semanalmente,Sí,1,Bueno,Deficiente,Aceptable,['Cumplió parcialmente'],1,Poco probable,Retrasos en la entrega del servicio.,Simplificar algunos procesos de uso del servicio.
cliente.sintetico.0685@example.net,Más de 2 años,Varias veces por semana,No,3,Bueno,Aceptable,Aceptable,['Cumplió completamente'],6,Poco probable,El servicio cumple con lo esperado.,Agregar más funcionalidades y opciones de personalización.
cliente.sintetico.0686@example.net,1 a 2 años,Semanalmente,No,3,Bueno,Excelente,Excelente,['Cumplió completamente'],8,Probable,Problemas de comunicación y seguimiento.,Agregar más funcionalidades y opciones de personalización.
cliente.sintetico.0687@synthetic.test,1 a 2 años,Varias veces por semana,No,3,Bueno,Bueno,Aceptable,['Cumplió completamente'],6,Poco probable,No he considerado abandonar el servicio.,Mejorar la atención y el seguimiento de los casos.
cliente.sintetico.0688@example.net,6 a 12 meses,Semanalmente,Sí,1,Aceptable,Bueno,Bueno,['Cumplió parcialmente'],4,Probable,No he considerado abandonar el servicio.,Ofrecer una comunicación más clara sobre incidentes y retrasos.
cliente.sintetico.0689@synthetic.test,Más de 2 años,Diariamente,No,4,Excelente,Excelente,Excelente,['Superó ampliamente'],9,Muy probable,Problemas de comunicación y seguimiento.,Mejorar la relación entre precio y beneficios.
cliente.sintetico.0690@synthetic.test,1 a 2 años,Varias veces por semana,No,4,Excelente,Bueno,Excelente,['Cumplió completamente'],9,Muy probable,No he considerado abandonar el servicio.,No considero necesaria una mejora urgente; el servicio funciona bien.
cliente.sintetico.0691@synthetic.test,6 a 12 meses,Varias veces por semana,Sí,4,Aceptable,Excelente,Excelente,['Cumplió completamente'],6,Probable,No he considerado abandonar el servicio.,Ofrecer una comunicación más clara sobre incidentes y retrasos.
cliente.sintetico.0692@example.net,Más de 2 años,Diariamente,No,2,Bueno,Bueno,Bueno,['Cumplió poco'],3,Poco probable,El servicio cumple con lo esperado.,Reducir interrupciones y tiempos de espera.
cliente.sintetico.0693@synthetic.test,Más de 2 años,Diariamente,No,1,Aceptable,Excelente,Aceptable,['Cumplió poco'],3,Nada probable,Necesito mayor flexibilidad.,Agregar más funcionalidades y opciones de personalización.
cliente.sintetico.0694@example.com,Más de 2 años,Varias veces al día,No,4,Excelente,Excelente,Excelente,['Superó ampliamente'],10,Muy probable,No he considerado abandonar el servicio.,Mejorar la estabilidad y disponibilidad del servicio.
cliente.sintetico.0695@example.net,Más de 2 años,Varias veces por semana,No,3,Aceptable,Excelente,Bueno,['Cumplió completamente'],6,Probable,No he considerado abandonar el servicio.,Ofrecer una comunicación más clara sobre incidentes y retrasos.
cliente.sintetico.0696@example.com,Más de 2 años,Semanalmente,Sí,5,Excelente,Excelente,Aceptable,['Superó ampliamente'],10,Probable,No he considerado abandonar el servicio.,No considero necesaria una mejora urgente; el servicio funciona bien.
cliente.sintetico.0697@example.net,6 a 12 meses,Quincenalmente,No,3,Bueno,Bueno,Excelente,['Cumplió completamente'],7,Muy probable,No he considerado abandonar el servicio.,Simplificar algunos procesos de uso del servicio.
cliente.sintetico.0698@example.com,Más de 2 años,Varias veces al día,No,4,Excelente,Aceptable,Excelente,['Cumplió completamente'],9,Muy probable,Estoy comparando alternativas.,Reducir interrupciones y tiempos de espera.
cliente.sintetico.0699@synthetic.test,Más de 2 años,Quincenalmente,Sí,4,Excelente,Bueno,Excelente,['Cumplió completamente'],8,Probable,No he considerado abandonar el servicio.,Agregar más funcionalidades y opciones de personalización.
cliente.sintetico.0700@synthetic.test,Menos de 3 meses,Semanalmente,No,4,Bueno,Aceptable,Bueno,['Superó ampliamente'],9,Muy probable,No he considerado abandonar el servicio.,Agregar más funcionalidades y opciones de personalización.
cliente.sintetico.0701@example.net,6 a 12 meses,Varias veces por semana,No,4,Excelente,Excelente,Excelente,['Cumplió completamente'],10,Probable,No he considerado abandonar el servicio.,Agregar más funcionalidades y opciones de personalización.
cliente.sintetico.0702@synthetic.test,6 a 12 meses,Mensualmente,No,3,Excelente,Bueno,Bueno,['Cumplió parcialmente'],6,Probable,Problemas de comunicación y seguimiento.,Resolver los casos técnicos con mayor rapidez.
cliente.sintetico.0703@example.com,1 a 2 años,Diariamente,Sí,4,Excelente,Aceptable,Excelente,['Cumplió completamente'],8,Muy probable,No he considerado abandonar el servicio.,Agregar más funcionalidades y opciones de personalización.
cliente.sintetico.0704@example.com,Más de 2 años,Diariamente,No,3,Excelente,Aceptable,Bueno,['Cumplió poco'],7,Muy probable,Estoy comparando alternativas.,Simplificar algunos procesos de uso del servicio.
cliente.sintetico.0705@example.com,6 a 12 meses,Mensualmente,Sí,1,Bueno,Aceptable,Aceptable,['Cumplió completamente'],4,Nada probable,El servicio cumple con lo esperado.,Simplificar algunos procesos de uso del servicio.
cliente.sintetico.0706@example.net,6 a 12 meses,Diariamente,No,4,Bueno,Bueno,Excelente,['Cumplió completamente'],7,Probable,No he considerado abandonar el servicio.,Mejorar la relación entre precio y beneficios.
cliente.sintetico.0707@example.net,3 a 6 meses,Diariamente,Sí,4,Aceptable,Bueno,Bueno,['Superó ampliamente'],5,Probable,No he considerado abandonar el servicio.,Agregar más funcionalidades y opciones de personalización.
cliente.sintetico.0708@example.net,Más de 2 años,Diariamente,No,2,Aceptable,Excelente,Bueno,['Cumplió parcialmente'],4,Probable,No he considerado abandonar el servicio.,Mejorar la estabilidad y disponibilidad del servicio.
cliente.sintetico.0709@example.com,Más de 2 años,Diariamente,Sí,5,Bueno,Bueno,Bueno,['Cumplió completamente'],7,Muy probable,No he considerado abandonar el servicio.,Resolver los casos técnicos con mayor rapidez.
cliente.sintetico.0710@example.net,6 a 12 meses,Semanalmente,No,4,Bueno,Bueno,Excelente,['Cumplió completamente'],7,Probable,No he considerado abandonar el servicio.,No considero necesaria una mejora urgente; el servicio funciona bien.
cliente.sintetico.0711@synthetic.test,6 a 12 meses,Semanalmente,No,5,Excelente,Excelente,Aceptable,['Superó ampliamente'],8,Probable,No he considerado abandonar el servicio.,Simplificar algunos procesos de uso del servicio.
cliente.sintetico.0712@example.com,1 a 2 años,Semanalmente,No,4,Excelente,Excelente,Excelente,['Cumplió completamente'],8,Muy probable,No he considerado abandonar el servicio.,Mejorar la relación entre precio y beneficios.
cliente.sintetico.0713@synthetic.test,6 a 12 meses,Varias veces por semana,No,4,Excelente,Excelente,Excelente,['Cumplió completamente'],9,Probable,No he considerado abandonar el servicio.,Reducir los tiempos de respuesta de soporte.
cliente.sintetico.0714@example.com,6 a 12 meses,Semanalmente,No,4,Aceptable,Excelente,Excelente,['Superó ampliamente'],9,Probable,No he considerado abandonar el servicio.,Reducir los tiempos de respuesta de soporte.
cliente.sintetico.0715@example.net,Más de 2 años,Varias veces por semana,No,4,Bueno,Excelente,Excelente,['Cumplió parcialmente'],8,Muy probable,No he considerado abandonar el servicio.,Agregar más funcionalidades y opciones de personalización.
cliente.sintetico.0716@example.net,1 a 2 años,Varias veces por semana,Sí,4,Excelente,Aceptable,Excelente,['Cumplió completamente'],7,Probable,No he considerado abandonar el servicio.,Reducir interrupciones y tiempos de espera.
cliente.sintetico.0717@synthetic.test,1 a 2 años,Diariamente,No,4,Excelente,Excelente,Excelente,['Cumplió completamente'],9,Muy probable,No he considerado abandonar el servicio.,Mejorar la estabilidad y disponibilidad del servicio.
cliente.sintetico.0718@example.net,Más de 2 años,Varias veces por semana,Sí,3,Aceptable,Bueno,Aceptable,['Cumplió completamente'],4,Nada probable,No he considerado abandonar el servicio.,No considero necesaria una mejora urgente; el servicio funciona bien.
cliente.sintetico.0719@synthetic.test,1 a 2 años,Diariamente,No,3,Deficiente,Excelente,Aceptable,['Cumplió completamente'],4,Probable,No he considerado abandonar el servicio.,Reducir los tiempos de respuesta de soporte.
cliente.sintetico.0720@example.com,Más de 2 años,Varias veces por semana,No,3,Excelente,Excelente,Excelente,['Cumplió completamente'],9,Muy probable,No he considerado abandonar el servicio.,Mejorar la relación entre precio y beneficios.
cliente.sintetico.0721@example.com,6 a 12 meses,Semanalmente,Sí,3,Bueno,Bueno,Bueno,['Cumplió completamente'],6,Probable,No he considerado abandonar el servicio.,Mejorar la relación entre precio y beneficios.
cliente.sintetico.0722@synthetic.test,1 a 2 años,Diariamente,No,2,Bueno,Aceptable,Aceptable,['Cumplió parcialmente'],4,Probable,No he considerado abandonar el servicio.,Simplificar algunos procesos de uso del servicio.
cliente.sintetico.0723@example.com,Más de 2 años,Semanalmente,No,4,Bueno,Excelente,Aceptable,['Superó ampliamente'],9,Probable,No he considerado abandonar el servicio.,Resolver los casos técnicos con mayor rapidez.
cliente.sintetico.0724@example.com,Más de 2 años,Semanalmente,No,5,Bueno,Excelente,Aceptable,['Cumplió parcialmente'],7,Poco probable,Estoy comparando alternativas.,Ofrecer una comunicación más clara sobre incidentes y retrasos.
cliente.sintetico.0725@example.net,Más de 2 años,Varias veces por semana,No,5,Excelente,Excelente,Excelente,['Superó ampliamente'],8,Probable,No he considerado abandonar el servicio.,Reducir los tiempos de respuesta de soporte.
cliente.sintetico.0726@example.com,6 a 12 meses,Rara vez,No,4,Excelente,Aceptable,Excelente,['Cumplió completamente'],8,Probable,No he considerado abandonar el servicio.,Ofrecer una comunicación más clara sobre incidentes y retrasos.
cliente.sintetico.0727@example.net,Más de 2 años,Varias veces por semana,No,3,Aceptable,Bueno,Aceptable,['Cumplió poco'],3,Poco probable,Tiempos de respuesta de soporte.,Reducir los tiempos de respuesta de soporte.
cliente.sintetico.0728@example.com,1 a 2 años,Varias veces por semana,No,5,Bueno,Excelente,Excelente,['Cumplió completamente'],8,Probable,No he considerado abandonar el servicio.,Reducir interrupciones y tiempos de espera.
cliente.sintetico.0729@example.net,3 a 6 meses,Diariamente,No,2,Bueno,Bueno,Aceptable,['Superó ampliamente'],3,Poco probable,Problemas técnicos recurrentes.,Ofrecer una comunicación más clara sobre incidentes y retrasos.
cliente.sintetico.0730@synthetic.test,1 a 2 años,Diariamente,No,1,Deficiente,Aceptable,Bueno,['Cumplió poco'],2,Poco probable,El servicio cumple con lo esperado.,Agregar más funcionalidades y opciones de personalización.
cliente.sintetico.0731@example.com,3 a 6 meses,Diariamente,No,2,Deficiente,Bueno,Deficiente,['Cumplió parcialmente'],5,Probable,No he considerado abandonar el servicio.,Agregar más funcionalidades y opciones de personalización.
cliente.sintetico.0732@example.com,Más de 2 años,Diariamente,No,4,Excelente,Excelente,Excelente,['Cumplió completamente'],10,Muy probable,No he considerado abandonar el servicio.,No considero necesaria una mejora urgente; el servicio funciona bien.
cliente.sintetico.0733@synthetic.test,1 a 2 años,Quincenalmente,No,2,Bueno,Excelente,Excelente,['Cumplió parcialmente'],5,Probable,No he considerado abandonar el servicio.,Mejorar la atención y el seguimiento de los casos.
cliente.sintetico.0734@example.com,Más de 2 años,Diariamente,No,2,Aceptable,Aceptable,Deficiente,['Cumplió parcialmente'],2,Probable,No he considerado abandonar el servicio.,Mejorar la relación entre precio y beneficios.
cliente.sintetico.0735@example.net,6 a 12 meses,Mensualmente,Sí,3,Deficiente,Bueno,Bueno,['Cumplió completamente'],3,Poco probable,No he considerado abandonar el servicio.,Mejorar la estabilidad y disponibilidad del servicio.
cliente.sintetico.0736@example.com,Más de 2 años,Varias veces por semana,No,4,Excelente,Excelente,Excelente,['Cumplió completamente'],7,Probable,Necesito mayor flexibilidad.,Reducir interrupciones y tiempos de espera.
cliente.sintetico.0737@example.com,3 a 6 meses,Semanalmente,No,5,Aceptable,Bueno,Bueno,['Cumplió completamente'],10,Muy probable,No he considerado abandonar el servicio.,Mejorar la relación entre precio y beneficios.
cliente.sintetico.0738@example.com,Más de 2 años,Quincenalmente,No,3,Bueno,Excelente,Excelente,['Cumplió completamente'],7,Muy probable,No he considerado abandonar el servicio.,Simplificar algunos procesos de uso del servicio.
cliente.sintetico.0739@synthetic.test,6 a 12 meses,Semanalmente,No,4,Bueno,Bueno,Excelente,['Cumplió completamente'],9,Muy probable,El servicio cumple con lo esperado.,Mejorar la atención y el seguimiento de los casos.
cliente.sintetico.0740@example.net,1 a 2 años,Diariamente,No,5,Excelente,Bueno,Excelente,['Cumplió parcialmente'],9,Muy probable,No he considerado abandonar el servicio.,Agregar más funcionalidades y opciones de personalización.
cliente.sintetico.0741@synthetic.test,3 a 6 meses,Varias veces por semana,No,2,Bueno,Aceptable,Aceptable,['Cumplió completamente'],5,Probable,Retrasos en la entrega del servicio.,Reducir los tiempos de respuesta de soporte.
cliente.sintetico.0742@example.net,1 a 2 años,Varias veces por semana,Sí,2,Bueno,Aceptable,Bueno,['Cumplió completamente'],4,Probable,No he considerado abandonar el servicio.,No considero necesaria una mejora urgente; el servicio funciona bien.
cliente.sintetico.0743@synthetic.test,6 a 12 meses,Diariamente,No,5,Excelente,Bueno,Excelente,['Superó ampliamente'],10,Muy probable,Retrasos en la entrega del servicio.,Reducir los tiempos de respuesta de soporte.
cliente.sintetico.0744@example.net,Más de 2 años,Varias veces por semana,No,4,Excelente,Bueno,Bueno,['Cumplió completamente'],8,Probable,No he considerado abandonar el servicio.,Agregar más funcionalidades y opciones de personalización.
cliente.sintetico.0745@example.net,6 a 12 meses,Varias veces por semana,No,4,Aceptable,Aceptable,Excelente,['Cumplió parcialmente'],6,Poco probable,Retrasos en la entrega del servicio.,Resolver los casos técnicos con mayor rapidez.
cliente.sintetico.0746@synthetic.test,Más de 2 años,Varias veces por semana,No,5,Bueno,Excelente,Excelente,['Superó ampliamente'],10,Probable,No he considerado abandonar el servicio.,Agregar más funcionalidades y opciones de personalización.
cliente.sintetico.0747@example.com,3 a 6 meses,Quincenalmente,No,4,Excelente,Excelente,Excelente,['Cumplió completamente'],8,Muy probable,No he considerado abandonar el servicio.,Simplificar algunos procesos de uso del servicio.
cliente.sintetico.0748@example.com,6 a 12 meses,Varias veces al día,No,5,Bueno,Bueno,Bueno,['Cumplió completamente'],9,Muy probable,No he considerado abandonar el servicio.,No considero necesaria una mejora urgente; el servicio funciona bien.
cliente.sintetico.0749@synthetic.test,Más de 2 años,Mensualmente,No,2,Bueno,Excelente,Excelente,['Cumplió completamente'],5,Probable,No he considerado abandonar el servicio.,Mejorar la relación entre precio y beneficios.
cliente.sintetico.0750@example.com,3 a 6 meses,Varias veces al día,Sí,4,Excelente,Excelente,Bueno,['Superó ampliamente'],6,Probable,No he considerado abandonar el servicio.,Mejorar la relación entre precio y beneficios.
cliente.sintetico.0751@example.net,Más de 2 años,Semanalmente,No,4,Excelente,Aceptable,Excelente,['Cumplió completamente'],8,Probable,No he considerado abandonar el servicio.,Simplificar algunos procesos de uso del servicio.
cliente.sintetico.0752@example.net,6 a 12 meses,Semanalmente,No,3,Bueno,Aceptable,Aceptable,['Cumplió completamente'],6,Probable,No he considerado abandonar el servicio.,Resolver los casos técnicos con mayor rapidez.
cliente.sintetico.0753@example.net,1 a 2 años,Diariamente,No,5,Bueno,Excelente,Excelente,['Cumplió completamente'],9,Muy probable,Necesito mayor flexibilidad.,Mejorar la estabilidad y disponibilidad del servicio.
cliente.sintetico.0754@example.com,3 a 6 meses,Rara vez,Sí,3,Aceptable,Excelente,Excelente,['Cumplió poco'],4,Poco probable,Estoy comparando alternativas.,Mejorar la relación entre precio y beneficios.
cliente.sintetico.0755@synthetic.test,Menos de 3 meses,Varias veces por semana,No,3,Excelente,Aceptable,Excelente,['Cumplió completamente'],7,Probable,No he considerado abandonar el servicio.,Mejorar la relación entre precio y beneficios.
cliente.sintetico.0756@synthetic.test,Más de 2 años,Diariamente,No,4,Excelente,Excelente,Excelente,['Cumplió completamente'],10,Probable,No he considerado abandonar el servicio.,Simplificar algunos procesos de uso del servicio.
cliente.sintetico.0757@example.net,3 a 6 meses,Diariamente,No,4,Bueno,Bueno,Excelente,['Cumplió completamente'],9,Muy probable,No he considerado abandonar el servicio.,Agregar más funcionalidades y opciones de personalización.
cliente.sintetico.0758@example.net,Más de 2 años,Varias veces por semana,Sí,3,Aceptable,Bueno,Excelente,['Superó ampliamente'],5,Muy probable,No he considerado abandonar el servicio.,Mejorar la estabilidad y disponibilidad del servicio.
cliente.sintetico.0759@example.net,Más de 2 años,Quincenalmente,No,3,Bueno,Bueno,Aceptable,['Superó ampliamente'],6,Probable,No he considerado abandonar el servicio.,Agregar más funcionalidades y opciones de personalización.
cliente.sintetico.0760@synthetic.test,Más de 2 años,Varias veces por semana,No,1,Aceptable,Aceptable,Aceptable,['Cumplió poco'],2,Poco probable,Problemas de comunicación y seguimiento.,Agregar más funcionalidades y opciones de personalización.
cliente.sintetico.0761@example.net,Más de 2 años,Mensualmente,No,3,Aceptable,Bueno,Aceptable,['Cumplió completamente'],5,Poco probable,Problemas de comunicación y seguimiento.,Simplificar algunos procesos de uso del servicio.
cliente.sintetico.0762@example.net,Más de 2 años,Varias veces por semana,No,1,Aceptable,Aceptable,Aceptable,['No cumplió'],4,Poco probable,Problemas de comunicación y seguimiento.,Reducir los tiempos de respuesta de soporte.
cliente.sintetico.0763@example.net,1 a 2 años,Diariamente,No,4,Excelente,Aceptable,Excelente,['Cumplió completamente'],8,Probable,Problemas técnicos recurrentes.,Reducir los tiempos de respuesta de soporte.
cliente.sintetico.0764@example.com,6 a 12 meses,Diariamente,Sí,5,Deficiente,Bueno,Bueno,['Cumplió completamente'],8,Poco probable,El servicio cumple con lo esperado.,Mejorar la estabilidad y disponibilidad del servicio.
cliente.sintetico.0765@synthetic.test,Más de 2 años,Varias veces por semana,No,4,Excelente,Excelente,Excelente,['Cumplió completamente'],8,Probable,Tiempos de respuesta de soporte.,Ofrecer una comunicación más clara sobre incidentes y retrasos.
cliente.sintetico.0766@synthetic.test,Más de 2 años,Varias veces por semana,No,1,Deficiente,Bueno,Aceptable,['Cumplió completamente'],5,Poco probable,Estoy comparando alternativas.,Simplificar algunos procesos de uso del servicio.
cliente.sintetico.0767@example.com,Más de 2 años,Semanalmente,Sí,2,Aceptable,Aceptable,Deficiente,['Cumplió parcialmente'],5,Muy probable,No he considerado abandonar el servicio.,Mejorar la estabilidad y disponibilidad del servicio.
cliente.sintetico.0768@example.net,Más de 2 años,Semanalmente,Sí,5,Bueno,Excelente,Excelente,['Superó ampliamente'],9,Muy probable,No he considerado abandonar el servicio.,Reducir los tiempos de respuesta de soporte.
cliente.sintetico.0769@example.com,3 a 6 meses,Diariamente,Sí,3,Excelente,Excelente,Bueno,['Cumplió completamente'],6,Poco probable,Tiempos de respuesta de soporte.,Ofrecer una comunicación más clara sobre incidentes y retrasos.
cliente.sintetico.0770@example.net,1 a 2 años,Semanalmente,No,5,Excelente,Excelente,Excelente,['Cumplió completamente'],10,Probable,Retrasos en la entrega del servicio.,Mejorar la atención y el seguimiento de los casos.
cliente.sintetico.0771@example.com,Más de 2 años,Semanalmente,Sí,3,Bueno,Bueno,Aceptable,['Cumplió completamente'],6,Poco probable,No he considerado abandonar el servicio.,Mejorar la atención y el seguimiento de los casos.
cliente.sintetico.0772@synthetic.test,Más de 2 años,Semanalmente,Sí,3,Bueno,Bueno,Aceptable,['Cumplió parcialmente'],3,Probable,No he considerado abandonar el servicio.,Mejorar la atención y el seguimiento de los casos.
cliente.sintetico.0773@synthetic.test,Más de 2 años,Varias veces por semana,No,4,Excelente,Excelente,Bueno,['Cumplió parcialmente'],6,Probable,No he considerado abandonar el servicio.,Mejorar la estabilidad y disponibilidad del servicio.
cliente.sintetico.0774@synthetic.test,1 a 2 años,Diariamente,No,5,Excelente,Excelente,Bueno,['Superó ampliamente'],10,Probable,Problemas técnicos recurrentes.,Mejorar la atención y el seguimiento de los casos.
cliente.sintetico.0775@example.com,1 a 2 años,Semanalmente,Sí,5,Bueno,Excelente,Excelente,['Cumplió completamente'],8,Muy probable,No he considerado abandonar el servicio.,Agregar más funcionalidades y opciones de personalización.
cliente.sintetico.0776@example.com,Menos de 3 meses,Semanalmente,No,4,Excelente,Excelente,Excelente,['Cumplió completamente'],9,Muy probable,No he considerado abandonar el servicio.,Reducir los tiempos de respuesta de soporte.
cliente.sintetico.0777@example.com,Más de 2 años,Varias veces por semana,No,1,Excelente,Bueno,Aceptable,['Cumplió poco'],5,Probable,No he considerado abandonar el servicio.,Mejorar la relación entre precio y beneficios.
cliente.sintetico.0778@example.net,3 a 6 meses,Rara vez,Sí,3,Bueno,Bueno,Excelente,['Cumplió parcialmente'],5,Poco probable,Falta de algunas funcionalidades.,Ofrecer una comunicación más clara sobre incidentes y retrasos.
cliente.sintetico.0779@example.com,1 a 2 años,Varias veces por semana,No,2,Excelente,Bueno,Aceptable,['Cumplió completamente'],5,Probable,No he considerado abandonar el servicio.,Reducir los tiempos de respuesta de soporte.
cliente.sintetico.0780@example.net,6 a 12 meses,Rara vez,Sí,3,Excelente,Aceptable,Aceptable,['No cumplió'],5,Probable,No he considerado abandonar el servicio.,Simplificar algunos procesos de uso del servicio.
cliente.sintetico.0781@synthetic.test,6 a 12 meses,Diariamente,No,3,Excelente,Excelente,Excelente,['Cumplió completamente'],9,Muy probable,No he considerado abandonar el servicio.,Reducir interrupciones y tiempos de espera.
cliente.sintetico.0782@example.net,Menos de 3 meses,Quincenalmente,No,4,Excelente,Excelente,Excelente,['Superó ampliamente'],9,Muy probable,No he considerado abandonar el servicio.,Ofrecer una comunicación más clara sobre incidentes y retrasos.
cliente.sintetico.0783@example.com,6 a 12 meses,Varias veces al día,No,2,Aceptable,Bueno,Bueno,['Cumplió parcialmente'],3,Probable,Problemas técnicos recurrentes.,Simplificar algunos procesos de uso del servicio.
cliente.sintetico.0784@synthetic.test,Más de 2 años,Varias veces por semana,No,3,Bueno,Bueno,Bueno,['Cumplió completamente'],6,Probable,Necesito mayor flexibilidad.,Reducir interrupciones y tiempos de espera.
cliente.sintetico.0785@synthetic.test,3 a 6 meses,Semanalmente,No,1,Aceptable,Aceptable,Bueno,['Cumplió completamente'],3,Nada probable,Retrasos en la entrega del servicio.,Mejorar la atención y el seguimiento de los casos.
cliente.sintetico.0786@example.net,Más de 2 años,Varias veces por semana,Sí,3,Excelente,Bueno,Excelente,['Superó ampliamente'],6,Probable,No he considerado abandonar el servicio.,Mejorar la estabilidad y disponibilidad del servicio.
cliente.sintetico.0787@example.net,Más de 2 años,Quincenalmente,No,4,Excelente,Excelente,Excelente,['Cumplió completamente'],8,Poco probable,Necesito mayor flexibilidad.,No considero necesaria una mejora urgente; el servicio funciona bien.
cliente.sintetico.0788@synthetic.test,Más de 2 años,Varias veces por semana,No,3,Excelente,Excelente,Excelente,['Cumplió completamente'],7,Muy probable,No he considerado abandonar el servicio.,Reducir interrupciones y tiempos de espera.
cliente.sintetico.0789@example.net,1 a 2 años,Varias veces por semana,No,2,Aceptable,Bueno,Aceptable,['Cumplió completamente'],6,Muy probable,No he considerado abandonar el servicio.,Simplificar algunos procesos de uso del servicio.
cliente.sintetico.0790@synthetic.test,1 a 2 años,Varias veces al día,No,2,Excelente,Aceptable,Bueno,['No cumplió'],6,Muy probable,No he considerado abandonar el servicio.,Reducir interrupciones y tiempos de espera.
cliente.sintetico.0791@example.net,1 a 2 años,Semanalmente,Sí,3,Excelente,Excelente,Bueno,['Superó ampliamente'],7,Poco probable,El precio es elevado para el valor percibido.,No considero necesaria una mejora urgente; el servicio funciona bien.
cliente.sintetico.0792@synthetic.test,Más de 2 años,Varias veces por semana,Sí,3,Excelente,Bueno,Deficiente,['Cumplió completamente'],5,Poco probable,Falta de algunas funcionalidades.,Mejorar la relación entre precio y beneficios.
cliente.sintetico.0793@synthetic.test,1 a 2 años,Varias veces al día,Sí,3,Bueno,Bueno,Bueno,['Cumplió parcialmente'],4,Poco probable,Estoy comparando alternativas.,Simplificar algunos procesos de uso del servicio.
cliente.sintetico.0794@synthetic.test,6 a 12 meses,Semanalmente,No,5,Excelente,Excelente,Excelente,['Cumplió completamente'],10,Muy probable,No he considerado abandonar el servicio.,No considero necesaria una mejora urgente; el servicio funciona bien.
cliente.sintetico.0795@example.com,6 a 12 meses,Diariamente,No,5,Excelente,Excelente,Excelente,['Cumplió completamente'],10,Muy probable,Problemas de comunicación y seguimiento.,Reducir los tiempos de respuesta de soporte.
cliente.sintetico.0796@example.com,Más de 2 años,Varias veces por semana,No,4,Deficiente,Aceptable,Bueno,['Superó ampliamente'],6,Poco probable,Falta de algunas funcionalidades.,Resolver los casos técnicos con mayor rapidez.
cliente.sintetico.0797@synthetic.test,3 a 6 meses,Semanalmente,No,3,Excelente,Excelente,Excelente,['Cumplió completamente'],8,Muy probable,No he considerado abandonar el servicio.,Ofrecer una comunicación más clara sobre incidentes y retrasos.
cliente.sintetico.0798@example.com,Más de 2 años,Varias veces por semana,No,3,Deficiente,Bueno,Aceptable,['Cumplió parcialmente'],4,Probable,No he considerado abandonar el servicio.,Mejorar la relación entre precio y beneficios.
cliente.sintetico.0799@example.com,Menos de 3 meses,Quincenalmente,Sí,3,Excelente,Bueno,Bueno,['Cumplió completamente'],5,Nada probable,No he considerado abandonar el servicio.,Reducir interrupciones y tiempos de espera.
cliente.sintetico.0800@example.net,Más de 2 años,Varias veces por semana,No,3,Bueno,Bueno,Excelente,['Cumplió completamente'],8,Poco probable,Retrasos en la entrega del servicio.,No considero necesaria una mejora urgente; el servicio funciona bien.
cliente.sintetico.0801@example.net,Más de 2 años,Diariamente,No,5,Excelente,Excelente,Bueno,['Superó ampliamente'],10,Muy probable,No he considerado abandonar el servicio.,No considero necesaria una mejora urgente; el servicio funciona bien.
cliente.sintetico.0802@synthetic.test,1 a 2 años,Varias veces por semana,No,5,Bueno,Bueno,Bueno,['Cumplió completamente'],8,Probable,No he considerado abandonar el servicio.,Resolver los casos técnicos con mayor rapidez.
cliente.sintetico.0803@example.net,1 a 2 años,Semanalmente,Sí,4,Excelente,Bueno,Bueno,['Superó ampliamente'],4,Nada probable,Estoy comparando alternativas.,Reducir interrupciones y tiempos de espera.
cliente.sintetico.0804@example.net,3 a 6 meses,Diariamente,Sí,4,Excelente,Excelente,Excelente,['Superó ampliamente'],7,Muy probable,No he considerado abandonar el servicio.,Mejorar la relación entre precio y beneficios.
cliente.sintetico.0805@example.com,Más de 2 años,Diariamente,No,3,Bueno,Aceptable,Bueno,['Cumplió parcialmente'],8,Probable,No he considerado abandonar el servicio.,Reducir los tiempos de respuesta de soporte.
cliente.sintetico.0806@example.net,3 a 6 meses,Varias veces por semana,No,3,Excelente,Aceptable,Excelente,['Cumplió completamente'],8,Muy probable,No he considerado abandonar el servicio.,Resolver los casos técnicos con mayor rapidez.
cliente.sintetico.0807@example.com,6 a 12 meses,Varias veces por semana,No,4,Excelente,Excelente,Excelente,['Superó ampliamente'],10,Probable,No he considerado abandonar el servicio.,Agregar más funcionalidades y opciones de personalización.
cliente.sintetico.0808@example.com,Más de 2 años,Varias veces por semana,No,2,Bueno,Aceptable,Excelente,['Cumplió parcialmente'],5,Probable,No he considerado abandonar el servicio.,Mejorar la atención y el seguimiento de los casos.
cliente.sintetico.0809@example.net,1 a 2 años,Diariamente,No,5,Bueno,Bueno,Excelente,['Superó ampliamente'],9,Muy probable,No he considerado abandonar el servicio.,Reducir los tiempos de respuesta de soporte.
cliente.sintetico.0810@synthetic.test,Más de 2 años,Diariamente,No,1,Aceptable,Bueno,Deficiente,['Cumplió poco'],1,Nada probable,Problemas técnicos recurrentes.,Ofrecer una comunicación más clara sobre incidentes y retrasos.
cliente.sintetico.0811@synthetic.test,1 a 2 años,Varias veces al día,Sí,3,Bueno,Aceptable,Aceptable,['Cumplió parcialmente'],5,Poco probable,Estoy comparando alternativas.,Ofrecer una comunicación más clara sobre incidentes y retrasos.
cliente.sintetico.0812@example.com,6 a 12 meses,Varias veces por semana,No,2,Excelente,Aceptable,Bueno,['Cumplió parcialmente'],4,Nada probable,Problemas técnicos recurrentes.,Mejorar la relación entre precio y beneficios.
cliente.sintetico.0813@synthetic.test,6 a 12 meses,Semanalmente,No,4,Bueno,Aceptable,Bueno,['Cumplió poco'],7,Muy probable,No he considerado abandonar el servicio.,Mejorar la estabilidad y disponibilidad del servicio.
cliente.sintetico.0814@example.net,Más de 2 años,Diariamente,No,3,Deficiente,Excelente,Bueno,['Cumplió completamente'],6,Poco probable,No he considerado abandonar el servicio.,Mejorar la estabilidad y disponibilidad del servicio.
cliente.sintetico.0815@example.com,Menos de 3 meses,Diariamente,No,4,Bueno,Excelente,Bueno,['Cumplió completamente'],9,Muy probable,No he considerado abandonar el servicio.,Agregar más funcionalidades y opciones de personalización.
cliente.sintetico.0816@synthetic.test,6 a 12 meses,Varias veces al día,No,5,Excelente,Excelente,Bueno,['Cumplió parcialmente'],8,Probable,Estoy comparando alternativas.,Reducir interrupciones y tiempos de espera.
cliente.sintetico.0817@example.com,Más de 2 años,Semanalmente,No,1,Bueno,Excelente,Aceptable,['Cumplió poco'],4,Poco probable,Problemas de comunicación y seguimiento.,Ofrecer una comunicación más clara sobre incidentes y retrasos.
cliente.sintetico.0818@example.net,6 a 12 meses,Varias veces al día,No,3,Excelente,Bueno,Bueno,['Cumplió completamente'],7,Probable,No he considerado abandonar el servicio.,Reducir los tiempos de respuesta de soporte.
cliente.sintetico.0819@example.net,Más de 2 años,Diariamente,No,5,Excelente,Excelente,Excelente,['Cumplió completamente'],10,Muy probable,No he considerado abandonar el servicio.,Mejorar la atención y el seguimiento de los casos.
cliente.sintetico.0820@example.com,6 a 12 meses,Diariamente,Sí,1,Deficiente,Aceptable,Bueno,['No cumplió'],1,Poco probable,Retrasos en la entrega del servicio.,Mejorar la estabilidad y disponibilidad del servicio.
cliente.sintetico.0821@synthetic.test,Menos de 3 meses,Varias veces por semana,No,4,Deficiente,Aceptable,Aceptable,['Cumplió completamente'],6,Probable,Falta de algunas funcionalidades.,Reducir los tiempos de respuesta de soporte.
cliente.sintetico.0822@example.net,Más de 2 años,Varias veces por semana,No,3,Bueno,Bueno,Aceptable,['Cumplió completamente'],6,Probable,No he considerado abandonar el servicio.,Reducir los tiempos de respuesta de soporte.
cliente.sintetico.0823@example.com,3 a 6 meses,Mensualmente,No,5,Bueno,Bueno,Bueno,['Cumplió parcialmente'],8,Probable,No he considerado abandonar el servicio.,Agregar más funcionalidades y opciones de personalización.
cliente.sintetico.0824@example.net,Más de 2 años,Varias veces por semana,Sí,3,Deficiente,Bueno,Aceptable,['Cumplió parcialmente'],3,Poco probable,Necesito mayor flexibilidad.,Ofrecer una comunicación más clara sobre incidentes y retrasos.
cliente.sintetico.0825@example.com,3 a 6 meses,Mensualmente,No,2,Aceptable,Bueno,Aceptable,['Cumplió parcialmente'],6,Probable,No he considerado abandonar el servicio.,Mejorar la estabilidad y disponibilidad del servicio.
cliente.sintetico.0826@synthetic.test,Más de 2 años,Diariamente,Sí,2,Aceptable,Bueno,Excelente,['Superó ampliamente'],4,Poco probable,Problemas técnicos recurrentes.,Simplificar algunos procesos de uso del servicio.
cliente.sintetico.0827@synthetic.test,6 a 12 meses,Diariamente,No,5,Excelente,Bueno,Excelente,['Cumplió completamente'],7,Muy probable,No he considerado abandonar el servicio.,Mejorar la atención y el seguimiento de los casos.
cliente.sintetico.0828@example.net,1 a 2 años,Varias veces al día,Sí,3,Bueno,Aceptable,Excelente,['Cumplió parcialmente'],6,Probable,No he considerado abandonar el servicio.,Ofrecer una comunicación más clara sobre incidentes y retrasos.
cliente.sintetico.0829@example.com,6 a 12 meses,Diariamente,Sí,3,Bueno,Excelente,Bueno,['Cumplió parcialmente'],7,Poco probable,Necesito mayor flexibilidad.,Resolver los casos técnicos con mayor rapidez.
cliente.sintetico.0830@example.com,1 a 2 años,Semanalmente,No,4,Excelente,Aceptable,Excelente,['Cumplió parcialmente'],5,Probable,No he considerado abandonar el servicio.,Mejorar la estabilidad y disponibilidad del servicio.
cliente.sintetico.0831@example.com,6 a 12 meses,Varias veces por semana,No,4,Excelente,Excelente,Excelente,['Cumplió completamente'],7,Probable,No he considerado abandonar el servicio.,Mejorar la atención y el seguimiento de los casos.
cliente.sintetico.0832@synthetic.test,Menos de 3 meses,Varias veces por semana,No,3,Excelente,Excelente,Bueno,['Cumplió completamente'],9,Muy probable,No he considerado abandonar el servicio.,Ofrecer una comunicación más clara sobre incidentes y retrasos.
cliente.sintetico.0833@example.net,3 a 6 meses,Semanalmente,No,4,Bueno,Excelente,Excelente,['Superó ampliamente'],8,Muy probable,No he considerado abandonar el servicio.,Mejorar la estabilidad y disponibilidad del servicio.
cliente.sintetico.0834@example.com,1 a 2 años,Mensualmente,No,5,Excelente,Excelente,Excelente,['Superó ampliamente'],9,Muy probable,Retrasos en la entrega del servicio.,Mejorar la relación entre precio y beneficios.
cliente.sintetico.0835@example.com,1 a 2 años,Quincenalmente,No,5,Excelente,Bueno,Bueno,['Superó ampliamente'],10,Muy probable,No he considerado abandonar el servicio.,No considero necesaria una mejora urgente; el servicio funciona bien.
cliente.sintetico.0836@synthetic.test,6 a 12 meses,Diariamente,No,3,Aceptable,Bueno,Deficiente,['Cumplió parcialmente'],7,Muy probable,El servicio cumple con lo esperado.,Resolver los casos técnicos con mayor rapidez.
cliente.sintetico.0837@example.net,Más de 2 años,Varias veces al día,Sí,1,Aceptable,Bueno,Aceptable,['Cumplió poco'],1,Probable,No he considerado abandonar el servicio.,Mejorar la atención y el seguimiento de los casos.
cliente.sintetico.0838@synthetic.test,1 a 2 años,Mensualmente,Sí,1,Deficiente,Deficiente,Aceptable,['Cumplió poco'],1,Poco probable,Tiempos de respuesta de soporte.,Ofrecer una comunicación más clara sobre incidentes y retrasos.
cliente.sintetico.0839@example.com,6 a 12 meses,Semanalmente,Sí,3,Bueno,Bueno,Excelente,['Cumplió parcialmente'],4,Poco probable,Tiempos de respuesta de soporte.,Reducir los tiempos de respuesta de soporte.
cliente.sintetico.0840@synthetic.test,1 a 2 años,Varias veces por semana,No,5,Excelente,Excelente,Excelente,['Cumplió parcialmente'],10,Muy probable,No he considerado abandonar el servicio.,Ofrecer una comunicación más clara sobre incidentes y retrasos.
cliente.sintetico.0841@example.com,Más de 2 años,Varias veces al día,No,3,Excelente,Bueno,Excelente,['Cumplió completamente'],6,Poco probable,No he considerado abandonar el servicio.,No considero necesaria una mejora urgente; el servicio funciona bien.
cliente.sintetico.0842@example.com,3 a 6 meses,Diariamente,No,3,Bueno,Bueno,Aceptable,['Cumplió parcialmente'],5,Muy probable,No he considerado abandonar el servicio.,Agregar más funcionalidades y opciones de personalización.
cliente.sintetico.0843@example.com,6 a 12 meses,Diariamente,No,4,Bueno,Bueno,Excelente,['Cumplió completamente'],7,Probable,No he considerado abandonar el servicio.,Mejorar la atención y el seguimiento de los casos.
cliente.sintetico.0844@synthetic.test,3 a 6 meses,Semanalmente,Sí,5,Excelente,Excelente,Excelente,['Superó ampliamente'],10,Probable,No he considerado abandonar el servicio.,Mejorar la relación entre precio y beneficios.
cliente.sintetico.0845@example.net,Menos de 3 meses,Varias veces por semana,No,3,Aceptable,Bueno,Excelente,['Superó ampliamente'],7,Probable,No he considerado abandonar el servicio.,Mejorar la estabilidad y disponibilidad del servicio.
cliente.sintetico.0846@synthetic.test,6 a 12 meses,Mensualmente,No,4,Excelente,Excelente,Excelente,['Cumplió parcialmente'],9,Muy probable,No he considerado abandonar el servicio.,Mejorar la estabilidad y disponibilidad del servicio.
cliente.sintetico.0847@synthetic.test,1 a 2 años,Semanalmente,No,4,Bueno,Excelente,Aceptable,['Cumplió completamente'],7,Probable,No he considerado abandonar el servicio.,Reducir los tiempos de respuesta de soporte.
cliente.sintetico.0848@example.net,Más de 2 años,Mensualmente,No,3,Bueno,Bueno,Excelente,['Cumplió parcialmente'],6,Probable,No he considerado abandonar el servicio.,Mejorar la relación entre precio y beneficios.
cliente.sintetico.0849@example.net,1 a 2 años,Varias veces por semana,Sí,2,Excelente,Excelente,Aceptable,['Cumplió parcialmente'],7,Poco probable,Estoy comparando alternativas.,Mejorar la atención y el seguimiento de los casos.
cliente.sintetico.0850@example.net,1 a 2 años,Varias veces al día,No,1,Aceptable,Aceptable,Bueno,['Cumplió poco'],1,Muy probable,No he considerado abandonar el servicio.,Ofrecer una comunicación más clara sobre incidentes y retrasos.
cliente.sintetico.0851@example.net,3 a 6 meses,Rara vez,No,5,Bueno,Excelente,Excelente,['Cumplió completamente'],8,Muy probable,No he considerado abandonar el servicio.,Resolver los casos técnicos con mayor rapidez.
cliente.sintetico.0852@example.com,1 a 2 años,Varias veces por semana,No,3,Bueno,Aceptable,Bueno,['Cumplió completamente'],7,Probable,Tiempos de respuesta de soporte.,Mejorar la atención y el seguimiento de los casos.
cliente.sintetico.0853@synthetic.test,1 a 2 años,Diariamente,Sí,3,Aceptable,Aceptable,Aceptable,['Superó ampliamente'],4,Poco probable,Tiempos de respuesta de soporte.,Simplificar algunos procesos de uso del servicio.
cliente.sintetico.0854@example.com,1 a 2 años,Diariamente,No,3,Bueno,Excelente,Aceptable,['Cumplió parcialmente'],6,Probable,No he considerado abandonar el servicio.,Resolver los casos técnicos con mayor rapidez.
cliente.sintetico.0855@example.net,1 a 2 años,Mensualmente,Sí,2,Aceptable,Bueno,Aceptable,['Cumplió poco'],4,Poco probable,Necesito mayor flexibilidad.,Simplificar algunos procesos de uso del servicio.
cliente.sintetico.0856@example.com,Más de 2 años,Varias veces por semana,No,5,Bueno,Aceptable,Excelente,['Cumplió completamente'],7,Probable,El servicio cumple con lo esperado.,No considero necesaria una mejora urgente; el servicio funciona bien.
cliente.sintetico.0857@synthetic.test,3 a 6 meses,Diariamente,No,2,Bueno,Aceptable,Aceptable,['Cumplió completamente'],3,Poco probable,No he considerado abandonar el servicio.,No considero necesaria una mejora urgente; el servicio funciona bien.
cliente.sintetico.0858@example.net,Más de 2 años,Quincenalmente,No,3,Excelente,Deficiente,Excelente,['Cumplió poco'],7,Muy probable,No he considerado abandonar el servicio.,Reducir los tiempos de respuesta de soporte.
cliente.sintetico.0859@synthetic.test,3 a 6 meses,Semanalmente,No,5,Excelente,Excelente,Bueno,['Superó ampliamente'],10,Muy probable,No he considerado abandonar el servicio.,Reducir interrupciones y tiempos de espera.
cliente.sintetico.0860@example.com,6 a 12 meses,Varias veces por semana,No,4,Bueno,Excelente,Bueno,['Cumplió parcialmente'],6,Probable,Falta de algunas funcionalidades.,Mejorar la relación entre precio y beneficios.
cliente.sintetico.0861@example.net,1 a 2 años,Varias veces por semana,Sí,4,Deficiente,Bueno,Aceptable,['Cumplió poco'],4,Nada probable,Estoy comparando alternativas.,Mejorar la estabilidad y disponibilidad del servicio.
cliente.sintetico.0862@example.com,6 a 12 meses,Diariamente,Sí,1,Deficiente,Bueno,Deficiente,['Cumplió poco'],1,Nada probable,Problemas técnicos recurrentes.,Ofrecer una comunicación más clara sobre incidentes y retrasos.
cliente.sintetico.0863@example.com,1 a 2 años,Quincenalmente,No,3,Excelente,Excelente,Excelente,['Superó ampliamente'],7,Muy probable,No he considerado abandonar el servicio.,Agregar más funcionalidades y opciones de personalización.
cliente.sintetico.0864@synthetic.test,Más de 2 años,Diariamente,No,4,Bueno,Bueno,Bueno,['Cumplió parcialmente'],9,Muy probable,No he considerado abandonar el servicio.,Mejorar la relación entre precio y beneficios.
cliente.sintetico.0865@example.com,Más de 2 años,Quincenalmente,No,4,Excelente,Excelente,Bueno,['Superó ampliamente'],10,Probable,No he considerado abandonar el servicio.,Reducir los tiempos de respuesta de soporte.
cliente.sintetico.0866@example.com,6 a 12 meses,Diariamente,Sí,2,Bueno,Bueno,Bueno,['Cumplió parcialmente'],3,Poco probable,Necesito mayor flexibilidad.,Reducir interrupciones y tiempos de espera.
cliente.sintetico.0867@example.com,Más de 2 años,Varias veces por semana,No,4,Bueno,Bueno,Excelente,['Cumplió parcialmente'],7,Probable,Problemas técnicos recurrentes.,Reducir los tiempos de respuesta de soporte.
cliente.sintetico.0868@example.net,Más de 2 años,Quincenalmente,No,1,Deficiente,Aceptable,Aceptable,['Cumplió poco'],2,Poco probable,No he considerado abandonar el servicio.,No considero necesaria una mejora urgente; el servicio funciona bien.
cliente.sintetico.0869@synthetic.test,Más de 2 años,Semanalmente,No,4,Excelente,Bueno,Excelente,['Superó ampliamente'],8,Muy probable,No he considerado abandonar el servicio.,Mejorar la estabilidad y disponibilidad del servicio.
cliente.sintetico.0870@example.net,Menos de 3 meses,Varias veces por semana,Sí,3,Deficiente,Bueno,Deficiente,['Cumplió parcialmente'],5,Probable,Tiempos de respuesta de soporte.,Simplificar algunos procesos de uso del servicio.
cliente.sintetico.0871@example.net,Más de 2 años,Varias veces por semana,No,4,Excelente,Bueno,Excelente,['Cumplió completamente'],8,Probable,Tiempos de respuesta de soporte.,Mejorar la estabilidad y disponibilidad del servicio.
cliente.sintetico.0872@example.net,Más de 2 años,Mensualmente,Sí,3,Excelente,Bueno,Excelente,['Cumplió completamente'],9,Muy probable,No he considerado abandonar el servicio.,Reducir interrupciones y tiempos de espera.
cliente.sintetico.0873@example.com,Más de 2 años,Semanalmente,No,3,Bueno,Excelente,Excelente,['Cumplió completamente'],7,Muy probable,No he considerado abandonar el servicio.,No considero necesaria una mejora urgente; el servicio funciona bien.
cliente.sintetico.0874@example.com,Más de 2 años,Varias veces por semana,No,3,Bueno,Bueno,Aceptable,['Cumplió completamente'],5,Nada probable,El servicio cumple con lo esperado.,Mejorar la atención y el seguimiento de los casos.
cliente.sintetico.0875@synthetic.test,Menos de 3 meses,Varias veces al día,No,4,Bueno,Aceptable,Bueno,['Cumplió parcialmente'],6,Probable,No he considerado abandonar el servicio.,Simplificar algunos procesos de uso del servicio.
cliente.sintetico.0876@example.net,6 a 12 meses,Quincenalmente,No,3,Bueno,Aceptable,Excelente,['Cumplió completamente'],8,Probable,Retrasos en la entrega del servicio.,Mejorar la relación entre precio y beneficios.
cliente.sintetico.0877@synthetic.test,Más de 2 años,Varias veces por semana,No,2,Aceptable,Deficiente,Aceptable,['Cumplió parcialmente'],4,Probable,No he considerado abandonar el servicio.,Simplificar algunos procesos de uso del servicio.
cliente.sintetico.0878@example.com,Menos de 3 meses,Semanalmente,Sí,4,Excelente,Excelente,Excelente,['Cumplió completamente'],5,Probable,No he considerado abandonar el servicio.,Ofrecer una comunicación más clara sobre incidentes y retrasos.
cliente.sintetico.0879@example.net,6 a 12 meses,Diariamente,Sí,1,Aceptable,Bueno,Aceptable,['Cumplió poco'],2,Probable,No he considerado abandonar el servicio.,Resolver los casos técnicos con mayor rapidez.
cliente.sintetico.0880@example.net,6 a 12 meses,Semanalmente,No,4,Deficiente,Bueno,Bueno,['Cumplió completamente'],6,Poco probable,Problemas técnicos recurrentes.,Mejorar la estabilidad y disponibilidad del servicio.
cliente.sintetico.0881@example.com,3 a 6 meses,Varias veces por semana,No,5,Excelente,Excelente,Excelente,['Superó ampliamente'],10,Probable,No he considerado abandonar el servicio.,Reducir interrupciones y tiempos de espera.
cliente.sintetico.0882@example.net,Más de 2 años,Semanalmente,No,2,Aceptable,Aceptable,Excelente,['Cumplió completamente'],7,Muy probable,Estoy comparando alternativas.,Resolver los casos técnicos con mayor rapidez.
cliente.sintetico.0883@example.com,Más de 2 años,Diariamente,Sí,2,Excelente,Bueno,Bueno,['Cumplió parcialmente'],7,Poco probable,Problemas de comunicación y seguimiento.,Resolver los casos técnicos con mayor rapidez.
cliente.sintetico.0884@example.net,6 a 12 meses,Quincenalmente,No,5,Bueno,Aceptable,Excelente,['Cumplió completamente'],10,Muy probable,No he considerado abandonar el servicio.,Resolver los casos técnicos con mayor rapidez.
cliente.sintetico.0885@example.com,Más de 2 años,Diariamente,No,4,Excelente,Excelente,Excelente,['Superó ampliamente'],10,Probable,No he considerado abandonar el servicio.,Simplificar algunos procesos de uso del servicio.
cliente.sintetico.0886@synthetic.test,1 a 2 años,Varias veces por semana,Sí,2,Aceptable,Aceptable,Aceptable,['Cumplió poco'],2,Nada probable,Retrasos en la entrega del servicio.,Simplificar algunos procesos de uso del servicio.
cliente.sintetico.0887@example.com,Más de 2 años,Varias veces por semana,No,5,Excelente,Excelente,Excelente,['Superó ampliamente'],10,Muy probable,No he considerado abandonar el servicio.,Resolver los casos técnicos con mayor rapidez.
cliente.sintetico.0888@synthetic.test,3 a 6 meses,Diariamente,No,2,Aceptable,Aceptable,Aceptable,['Cumplió parcialmente'],4,Poco probable,Tiempos de respuesta de soporte.,No considero necesaria una mejora urgente; el servicio funciona bien.
cliente.sintetico.0889@synthetic.test,Más de 2 años,Quincenalmente,Sí,2,Aceptable,Excelente,Excelente,['Cumplió parcialmente'],6,Muy probable,No he considerado abandonar el servicio.,Simplificar algunos procesos de uso del servicio.
cliente.sintetico.0890@synthetic.test,Menos de 3 meses,Varias veces al día,Sí,2,Excelente,Bueno,Bueno,['Cumplió parcialmente'],6,Nada probable,Necesito mayor flexibilidad.,Ofrecer una comunicación más clara sobre incidentes y retrasos.
cliente.sintetico.0891@example.com,3 a 6 meses,Semanalmente,Sí,1,Bueno,Excelente,Bueno,['Cumplió parcialmente'],2,Probable,No he considerado abandonar el servicio.,Mejorar la atención y el seguimiento de los casos.
cliente.sintetico.0892@example.net,1 a 2 años,Semanalmente,No,4,Bueno,Excelente,Bueno,['Superó ampliamente'],7,Probable,No he considerado abandonar el servicio.,Reducir interrupciones y tiempos de espera.
cliente.sintetico.0893@synthetic.test,6 a 12 meses,Semanalmente,No,1,Bueno,Aceptable,Deficiente,['Cumplió parcialmente'],1,Nada probable,Falta de algunas funcionalidades.,Simplificar algunos procesos de uso del servicio.
cliente.sintetico.0894@example.com,6 a 12 meses,Varias veces por semana,No,4,Bueno,Excelente,Bueno,['Superó ampliamente'],9,Probable,No he considerado abandonar el servicio.,Resolver los casos técnicos con mayor rapidez.
cliente.sintetico.0895@example.net,Menos de 3 meses,Diariamente,No,4,Excelente,Excelente,Bueno,['Cumplió parcialmente'],8,Probable,No he considerado abandonar el servicio.,No considero necesaria una mejora urgente; el servicio funciona bien.
cliente.sintetico.0896@synthetic.test,Menos de 3 meses,Diariamente,No,4,Excelente,Excelente,Excelente,['Cumplió parcialmente'],7,Probable,No he considerado abandonar el servicio.,Resolver los casos técnicos con mayor rapidez.
cliente.sintetico.0897@example.com,6 a 12 meses,Diariamente,No,3,Excelente,Aceptable,Aceptable,['Cumplió parcialmente'],5,Poco probable,Estoy comparando alternativas.,Resolver los casos técnicos con mayor rapidez.
cliente.sintetico.0898@synthetic.test,Más de 2 años,Quincenalmente,No,3,Aceptable,Excelente,Aceptable,['Cumplió parcialmente'],4,Nada probable,Falta de algunas funcionalidades.,No considero necesaria una mejora urgente; el servicio funciona bien.
cliente.sintetico.0899@synthetic.test,Más de 2 años,Diariamente,No,3,Excelente,Excelente,Excelente,['Cumplió parcialmente'],8,Probable,No he considerado abandonar el servicio.,Simplificar algunos procesos de uso del servicio.
cliente.sintetico.0900@example.com,Más de 2 años,Varias veces por semana,No,3,Excelente,Aceptable,Excelente,['Cumplió parcialmente'],7,Muy probable,No he considerado abandonar el servicio.,Resolver los casos técnicos con mayor rapidez.
cliente.sintetico.0901@synthetic.test,1 a 2 años,Varias veces por semana,Sí,2,Bueno,Bueno,Bueno,['Cumplió completamente'],3,Nada probable,Retrasos en la entrega del servicio.,Mejorar la estabilidad y disponibilidad del servicio.
cliente.sintetico.0902@example.net,6 a 12 meses,Varias veces por semana,No,5,Excelente,Bueno,Bueno,['Cumplió completamente'],10,Probable,No he considerado abandonar el servicio.,No considero necesaria una mejora urgente; el servicio funciona bien.
cliente.sintetico.0903@example.net,1 a 2 años,Varias veces al día,Sí,5,Bueno,Bueno,Excelente,['Cumplió completamente'],10,Muy probable,No he considerado abandonar el servicio.,Mejorar la estabilidad y disponibilidad del servicio.
cliente.sintetico.0904@example.net,Menos de 3 meses,Varias veces por semana,No,5,Bueno,Excelente,Excelente,['Cumplió completamente'],8,Probable,Retrasos en la entrega del servicio.,Ofrecer una comunicación más clara sobre incidentes y retrasos.
cliente.sintetico.0905@example.net,Menos de 3 meses,Diariamente,Sí,4,Aceptable,Bueno,Excelente,['Superó ampliamente'],9,Muy probable,No he considerado abandonar el servicio.,Resolver los casos técnicos con mayor rapidez.
cliente.sintetico.0906@example.net,6 a 12 meses,Diariamente,No,4,Excelente,Bueno,Bueno,['Cumplió parcialmente'],8,Muy probable,No he considerado abandonar el servicio.,Mejorar la estabilidad y disponibilidad del servicio.
cliente.sintetico.0907@synthetic.test,3 a 6 meses,Semanalmente,No,4,Excelente,Bueno,Bueno,['Superó ampliamente'],9,Probable,No he considerado abandonar el servicio.,Agregar más funcionalidades y opciones de personalización.
cliente.sintetico.0908@synthetic.test,3 a 6 meses,Varias veces por semana,No,3,Excelente,Excelente,Bueno,['Cumplió parcialmente'],7,Probable,No he considerado abandonar el servicio.,Mejorar la relación entre precio y beneficios.
cliente.sintetico.0909@example.com,1 a 2 años,Varias veces por semana,Sí,3,Bueno,Bueno,Bueno,['Cumplió parcialmente'],5,Probable,No he considerado abandonar el servicio.,Ofrecer una comunicación más clara sobre incidentes y retrasos.
cliente.sintetico.0910@synthetic.test,1 a 2 años,Mensualmente,No,3,Aceptable,Aceptable,Excelente,['Cumplió completamente'],5,Probable,Problemas técnicos recurrentes.,No considero necesaria una mejora urgente; el servicio funciona bien.
cliente.sintetico.0911@synthetic.test,1 a 2 años,Mensualmente,Sí,3,Excelente,Bueno,Bueno,['Cumplió completamente'],6,Probable,No he considerado abandonar el servicio.,Agregar más funcionalidades y opciones de personalización.
cliente.sintetico.0912@example.net,Más de 2 años,Varias veces por semana,Sí,3,Excelente,Aceptable,Aceptable,['Cumplió parcialmente'],3,Nada probable,Falta de algunas funcionalidades.,Reducir interrupciones y tiempos de espera.
cliente.sintetico.0913@example.net,Más de 2 años,Diariamente,No,3,Aceptable,Bueno,Deficiente,['Cumplió completamente'],5,Poco probable,Tiempos de respuesta de soporte.,Resolver los casos técnicos con mayor rapidez.
cliente.sintetico.0914@example.net,Menos de 3 meses,Varias veces al día,No,4,Excelente,Excelente,Excelente,['Superó ampliamente'],9,Muy probable,No he considerado abandonar el servicio.,Simplificar algunos procesos de uso del servicio.
cliente.sintetico.0915@example.com,3 a 6 meses,Semanalmente,No,4,Excelente,Aceptable,Bueno,['Cumplió completamente'],8,Muy probable,No he considerado abandonar el servicio.,Simplificar algunos procesos de uso del servicio.
cliente.sintetico.0916@synthetic.test,1 a 2 años,Diariamente,No,3,Excelente,Aceptable,Excelente,['Cumplió parcialmente'],5,Probable,No he considerado abandonar el servicio.,No considero necesaria una mejora urgente; el servicio funciona bien.
cliente.sintetico.0917@synthetic.test,6 a 12 meses,Diariamente,No,5,Bueno,Excelente,Bueno,['Cumplió completamente'],8,Muy probable,No he considerado abandonar el servicio.,Mejorar la atención y el seguimiento de los casos.
cliente.sintetico.0918@synthetic.test,1 a 2 años,Varias veces por semana,No,4,Bueno,Excelente,Excelente,['Cumplió parcialmente'],8,Muy probable,No he considerado abandonar el servicio.,Resolver los casos técnicos con mayor rapidez.
cliente.sintetico.0919@example.net,Más de 2 años,Diariamente,Sí,3,Bueno,Bueno,Excelente,['Cumplió parcialmente'],4,Probable,No he considerado abandonar el servicio.,No considero necesaria una mejora urgente; el servicio funciona bien.
cliente.sintetico.0920@example.com,Más de 2 años,Diariamente,Sí,3,Excelente,Bueno,Bueno,['Cumplió parcialmente'],5,Probable,No he considerado abandonar el servicio.,Reducir interrupciones y tiempos de espera.
cliente.sintetico.0921@example.com,Más de 2 años,Semanalmente,No,2,Aceptable,Bueno,Deficiente,['Cumplió completamente'],7,Poco probable,Estoy comparando alternativas.,No considero necesaria una mejora urgente; el servicio funciona bien.
cliente.sintetico.0922@example.net,Más de 2 años,Semanalmente,Sí,4,Bueno,Excelente,Excelente,['Cumplió completamente'],8,Muy probable,No he considerado abandonar el servicio.,Mejorar la estabilidad y disponibilidad del servicio.
cliente.sintetico.0923@example.net,1 a 2 años,Diariamente,No,5,Bueno,Excelente,Bueno,['Superó ampliamente'],7,Muy probable,El servicio cumple con lo esperado.,Reducir interrupciones y tiempos de espera.
cliente.sintetico.0924@example.com,1 a 2 años,Semanalmente,Sí,4,Excelente,Excelente,Aceptable,['Superó ampliamente'],8,Poco probable,Problemas técnicos recurrentes.,Mejorar la relación entre precio y beneficios.
cliente.sintetico.0925@example.net,3 a 6 meses,Diariamente,No,3,Aceptable,Excelente,Excelente,['Cumplió completamente'],9,Muy probable,No he considerado abandonar el servicio.,Mejorar la relación entre precio y beneficios.
cliente.sintetico.0926@synthetic.test,1 a 2 años,Diariamente,Sí,4,Excelente,Deficiente,Bueno,['Cumplió completamente'],6,Muy probable,No he considerado abandonar el servicio.,Ofrecer una comunicación más clara sobre incidentes y retrasos.
cliente.sintetico.0927@example.com,1 a 2 años,Varias veces por semana,Sí,2,Bueno,Bueno,Aceptable,['Superó ampliamente'],1,Poco probable,El precio es elevado para el valor percibido.,Mejorar la relación entre precio y beneficios.
cliente.sintetico.0928@synthetic.test,Más de 2 años,Diariamente,Sí,1,Excelente,Aceptable,Aceptable,['Cumplió parcialmente'],2,Poco probable,Estoy comparando alternativas.,Mejorar la estabilidad y disponibilidad del servicio.
cliente.sintetico.0929@example.net,1 a 2 años,Varias veces por semana,Sí,1,Aceptable,Aceptable,Aceptable,['Cumplió parcialmente'],1,Poco probable,Retrasos en la entrega del servicio.,Agregar más funcionalidades y opciones de personalización.
cliente.sintetico.0930@example.net,3 a 6 meses,Varias veces al día,No,3,Bueno,Bueno,Excelente,['Cumplió parcialmente'],5,Nada probable,No he considerado abandonar el servicio.,No considero necesaria una mejora urgente; el servicio funciona bien.
cliente.sintetico.0931@example.net,Más de 2 años,Semanalmente,No,5,Excelente,Excelente,Excelente,['Superó ampliamente'],9,Muy probable,No he considerado abandonar el servicio.,Mejorar la relación entre precio y beneficios.
cliente.sintetico.0932@example.com,3 a 6 meses,Varias veces por semana,No,2,Aceptable,Deficiente,Excelente,['Cumplió completamente'],2,Poco probable,Problemas de comunicación y seguimiento.,Reducir interrupciones y tiempos de espera.
cliente.sintetico.0933@example.net,Más de 2 años,Varias veces por semana,No,3,Excelente,Aceptable,Excelente,['Cumplió completamente'],6,Nada probable,Retrasos en la entrega del servicio.,Simplificar algunos procesos de uso del servicio.
cliente.sintetico.0934@example.net,3 a 6 meses,Varias veces por semana,Sí,3,Bueno,Bueno,Excelente,['Superó ampliamente'],6,Poco probable,Estoy comparando alternativas.,Mejorar la relación entre precio y beneficios.
cliente.sintetico.0935@example.net,1 a 2 años,Varias veces por semana,No,4,Excelente,Bueno,Bueno,['Cumplió completamente'],7,Probable,No he considerado abandonar el servicio.,Reducir interrupciones y tiempos de espera.
cliente.sintetico.0936@example.net,Más de 2 años,Semanalmente,Sí,4,Bueno,Excelente,Bueno,['Cumplió parcialmente'],7,Probable,No he considerado abandonar el servicio.,Mejorar la atención y el seguimiento de los casos.
cliente.sintetico.0937@synthetic.test,3 a 6 meses,Semanalmente,No,1,Aceptable,Bueno,Aceptable,['Cumplió parcialmente'],3,Nada probable,Problemas de comunicación y seguimiento.,Reducir los tiempos de respuesta de soporte.
cliente.sintetico.0938@example.net,3 a 6 meses,Diariamente,Sí,3,Aceptable,Bueno,Aceptable,['Cumplió poco'],5,Probable,No he considerado abandonar el servicio.,Simplificar algunos procesos de uso del servicio.
cliente.sintetico.0939@synthetic.test,Más de 2 años,Mensualmente,Sí,2,Excelente,Bueno,Aceptable,['Cumplió completamente'],2,Nada probable,Problemas técnicos recurrentes.,Resolver los casos técnicos con mayor rapidez.
cliente.sintetico.0940@example.com,1 a 2 años,Semanalmente,No,4,Bueno,Aceptable,Bueno,['Cumplió completamente'],6,Probable,No he considerado abandonar el servicio.,No considero necesaria una mejora urgente; el servicio funciona bien.
cliente.sintetico.0941@example.net,6 a 12 meses,Varias veces por semana,Sí,2,Excelente,Bueno,Aceptable,['Cumplió completamente'],3,Poco probable,No he considerado abandonar el servicio.,Ofrecer una comunicación más clara sobre incidentes y retrasos.
cliente.sintetico.0942@example.com,6 a 12 meses,Varias veces por semana,No,3,Aceptable,Aceptable,Bueno,['Cumplió completamente'],7,Probable,No he considerado abandonar el servicio.,Reducir los tiempos de respuesta de soporte.
cliente.sintetico.0943@example.com,Más de 2 años,Varias veces por semana,Sí,5,Excelente,Excelente,Bueno,['Cumplió completamente'],7,Muy probable,No he considerado abandonar el servicio.,Agregar más funcionalidades y opciones de personalización.
cliente.sintetico.0944@example.com,6 a 12 meses,Quincenalmente,No,5,Bueno,Bueno,Bueno,['Cumplió completamente'],8,Probable,No he considerado abandonar el servicio.,Reducir los tiempos de respuesta de soporte.
cliente.sintetico.0945@synthetic.test,Más de 2 años,Semanalmente,No,5,Excelente,Excelente,Excelente,['Cumplió completamente'],9,Muy probable,No he considerado abandonar el servicio.,Mejorar la estabilidad y disponibilidad del servicio.
cliente.sintetico.0946@example.net,Menos de 3 meses,Diariamente,No,4,Bueno,Bueno,Bueno,['Cumplió completamente'],5,Probable,No he considerado abandonar el servicio.,Reducir los tiempos de respuesta de soporte.
cliente.sintetico.0947@example.com,Más de 2 años,Varias veces por semana,Sí,5,Excelente,Excelente,Aceptable,['Superó ampliamente'],6,Muy probable,No he considerado abandonar el servicio.,Agregar más funcionalidades y opciones de personalización.
cliente.sintetico.0948@example.com,Más de 2 años,Varias veces por semana,No,3,Aceptable,Excelente,Aceptable,['Cumplió parcialmente'],5,Probable,No he considerado abandonar el servicio.,Reducir los tiempos de respuesta de soporte.
cliente.sintetico.0949@example.com,Más de 2 años,Mensualmente,No,4,Bueno,Excelente,Excelente,['Cumplió completamente'],9,Muy probable,No he considerado abandonar el servicio.,Reducir interrupciones y tiempos de espera.
cliente.sintetico.0950@example.com,Más de 2 años,Varias veces por semana,No,1,Aceptable,Bueno,Bueno,['Cumplió completamente'],4,Probable,No he considerado abandonar el servicio.,Mejorar la atención y el seguimiento de los casos.
cliente.sintetico.0951@example.net,6 a 12 meses,Varias veces por semana,No,5,Excelente,Excelente,Excelente,['Cumplió completamente'],10,Muy probable,No he considerado abandonar el servicio.,Reducir interrupciones y tiempos de espera.
cliente.sintetico.0952@example.net,3 a 6 meses,Mensualmente,No,5,Excelente,Excelente,Excelente,['Cumplió completamente'],10,Probable,No he considerado abandonar el servicio.,Ofrecer una comunicación más clara sobre incidentes y retrasos.
cliente.sintetico.0953@example.com,Más de 2 años,Varias veces al día,No,4,Bueno,Excelente,Bueno,['Superó ampliamente'],9,Muy probable,No he considerado abandonar el servicio.,Ofrecer una comunicación más clara sobre incidentes y retrasos.
cliente.sintetico.0954@synthetic.test,Más de 2 años,Varias veces por semana,No,5,Excelente,Excelente,Bueno,['Cumplió parcialmente'],9,Muy probable,No he considerado abandonar el servicio.,Reducir los tiempos de respuesta de soporte.
cliente.sintetico.0955@example.com,Más de 2 años,Quincenalmente,No,4,Excelente,Bueno,Bueno,['Cumplió parcialmente'],8,Probable,Necesito mayor flexibilidad.,Simplificar algunos procesos de uso del servicio.
cliente.sintetico.0956@example.com,1 a 2 años,Varias veces por semana,Sí,1,Aceptable,Deficiente,Bueno,['Cumplió poco'],2,Probable,No he considerado abandonar el servicio.,Ofrecer una comunicación más clara sobre incidentes y retrasos.
cliente.sintetico.0957@example.net,Más de 2 años,Semanalmente,No,5,Bueno,Excelente,Excelente,['Superó ampliamente'],8,Probable,No he considerado abandonar el servicio.,No considero necesaria una mejora urgente; el servicio funciona bien.
cliente.sintetico.0958@example.com,Más de 2 años,Varias veces por semana,No,3,Bueno,Excelente,Aceptable,['Cumplió parcialmente'],5,Probable,No he considerado abandonar el servicio.,Mejorar la relación entre precio y beneficios.
cliente.sintetico.0959@synthetic.test,6 a 12 meses,Mensualmente,No,5,Excelente,Bueno,Excelente,['Superó ampliamente'],10,Probable,No he considerado abandonar el servicio.,Mejorar la relación entre precio y beneficios.
cliente.sintetico.0960@example.net,1 a 2 años,Varias veces al día,No,2,Aceptable,Excelente,Excelente,['Superó ampliamente'],6,Probable,No he considerado abandonar el servicio.,Reducir interrupciones y tiempos de espera.
cliente.sintetico.0961@example.com,1 a 2 años,Quincenalmente,No,3,Bueno,Aceptable,Aceptable,['No cumplió'],4,Poco probable,No he considerado abandonar el servicio.,Reducir los tiempos de respuesta de soporte.
cliente.sintetico.0962@example.com,Más de 2 años,Mensualmente,No,4,Excelente,Bueno,Bueno,['Cumplió completamente'],8,Probable,No he considerado abandonar el servicio.,Resolver los casos técnicos con mayor rapidez.
cliente.sintetico.0963@example.net,6 a 12 meses,Quincenalmente,No,4,Excelente,Bueno,Bueno,['Cumplió parcialmente'],9,Muy probable,No he considerado abandonar el servicio.,Mejorar la estabilidad y disponibilidad del servicio.
cliente.sintetico.0964@example.net,6 a 12 meses,Diariamente,No,3,Excelente,Excelente,Bueno,['Cumplió parcialmente'],5,Probable,No he considerado abandonar el servicio.,Reducir interrupciones y tiempos de espera.
cliente.sintetico.0965@example.com,Más de 2 años,Diariamente,No,3,Bueno,Excelente,Bueno,['Cumplió poco'],6,Probable,No he considerado abandonar el servicio.,Resolver los casos técnicos con mayor rapidez.
cliente.sintetico.0966@synthetic.test,1 a 2 años,Varias veces por semana,No,5,Bueno,Excelente,Bueno,['Cumplió completamente'],9,Probable,El servicio cumple con lo esperado.,Reducir los tiempos de respuesta de soporte.
cliente.sintetico.0967@example.net,1 a 2 años,Varias veces por semana,No,2,Bueno,Bueno,Aceptable,['Cumplió parcialmente'],5,Poco probable,El servicio cumple con lo esperado.,Mejorar la estabilidad y disponibilidad del servicio.
cliente.sintetico.0968@example.net,1 a 2 años,Varias veces por semana,Sí,3,Aceptable,Excelente,Excelente,['Cumplió completamente'],5,Probable,Falta de algunas funcionalidades.,Mejorar la atención y el seguimiento de los casos.
cliente.sintetico.0969@example.com,6 a 12 meses,Varias veces por semana,Sí,5,Excelente,Bueno,Excelente,['Cumplió completamente'],6,Muy probable,No he considerado abandonar el servicio.,Mejorar la estabilidad y disponibilidad del servicio.
cliente.sintetico.0970@example.net,1 a 2 años,Quincenalmente,Sí,5,Excelente,Excelente,Aceptable,['Cumplió completamente'],7,Probable,No he considerado abandonar el servicio.,Reducir interrupciones y tiempos de espera.
cliente.sintetico.0971@synthetic.test,1 a 2 años,Varias veces al día,No,3,Aceptable,Aceptable,Bueno,['Cumplió completamente'],6,Poco probable,Retrasos en la entrega del servicio.,Ofrecer una comunicación más clara sobre incidentes y retrasos.
cliente.sintetico.0972@example.com,3 a 6 meses,Quincenalmente,No,4,Bueno,Excelente,Excelente,['Cumplió completamente'],8,Muy probable,Problemas de comunicación y seguimiento.,No considero necesaria una mejora urgente; el servicio funciona bien.
cliente.sintetico.0973@synthetic.test,1 a 2 años,Varias veces por semana,No,3,Excelente,Bueno,Bueno,['Cumplió completamente'],7,Probable,El servicio cumple con lo esperado.,Reducir los tiempos de respuesta de soporte.
cliente.sintetico.0974@example.com,3 a 6 meses,Diariamente,No,4,Excelente,Excelente,Excelente,['Cumplió parcialmente'],7,Poco probable,No he considerado abandonar el servicio.,Mejorar la relación entre precio y beneficios.
cliente.sintetico.0975@example.com,1 a 2 años,Diariamente,Sí,2,Bueno,Aceptable,Aceptable,['Cumplió poco'],3,Poco probable,Problemas de comunicación y seguimiento.,Simplificar algunos procesos de uso del servicio.
cliente.sintetico.0976@example.net,6 a 12 meses,Varias veces por semana,No,4,Excelente,Excelente,Excelente,['Cumplió completamente'],9,Muy probable,Tiempos de respuesta de soporte.,Reducir interrupciones y tiempos de espera.
cliente.sintetico.0977@example.com,6 a 12 meses,Varias veces por semana,No,3,Bueno,Bueno,Excelente,['Cumplió parcialmente'],9,Muy probable,No he considerado abandonar el servicio.,Ofrecer una comunicación más clara sobre incidentes y retrasos.
cliente.sintetico.0978@example.net,6 a 12 meses,Rara vez,No,4,Excelente,Excelente,Bueno,['Cumplió completamente'],9,Probable,No he considerado abandonar el servicio.,Simplificar algunos procesos de uso del servicio.
cliente.sintetico.0979@example.com,1 a 2 años,Diariamente,No,3,Bueno,Excelente,Excelente,['Superó ampliamente'],8,Poco probable,No he considerado abandonar el servicio.,Agregar más funcionalidades y opciones de personalización.
cliente.sintetico.0980@synthetic.test,Menos de 3 meses,Diariamente,No,2,Aceptable,Bueno,Aceptable,['Cumplió parcialmente'],3,Probable,No he considerado abandonar el servicio.,Reducir interrupciones y tiempos de espera.
cliente.sintetico.0981@example.com,1 a 2 años,Varias veces al día,No,5,Excelente,Excelente,Excelente,['Superó ampliamente'],10,Muy probable,No he considerado abandonar el servicio.,Mejorar la atención y el seguimiento de los casos.
cliente.sintetico.0982@example.com,Más de 2 años,Varias veces por semana,Sí,3,Bueno,Excelente,Bueno,['Cumplió parcialmente'],4,Poco probable,Tiempos de respuesta de soporte.,Resolver los casos técnicos con mayor rapidez.
cliente.sintetico.0983@example.net,Menos de 3 meses,Semanalmente,No,4,Bueno,Excelente,Excelente,['Cumplió completamente'],5,Muy probable,No he considerado abandonar el servicio.,Reducir interrupciones y tiempos de espera.
cliente.sintetico.0984@synthetic.test,1 a 2 años,Varias veces por semana,No,3,Aceptable,Bueno,Aceptable,['Cumplió parcialmente'],3,Poco probable,Falta de algunas funcionalidades.,Agregar más funcionalidades y opciones de personalización.
cliente.sintetico.0985@example.com,Más de 2 años,Mensualmente,No,5,Excelente,Excelente,Excelente,['Superó ampliamente'],9,Muy probable,No he considerado abandonar el servicio.,No considero necesaria una mejora urgente; el servicio funciona bien.
cliente.sintetico.0986@example.com,Más de 2 años,Varias veces al día,No,4,Bueno,Excelente,Excelente,['Cumplió completamente'],9,Muy probable,No he considerado abandonar el servicio.,Reducir los tiempos de respuesta de soporte.
cliente.sintetico.0987@example.net,6 a 12 meses,Varias veces al día,No,5,Excelente,Excelente,Excelente,['Superó ampliamente'],9,Muy probable,No he considerado abandonar el servicio.,Mejorar la atención y el seguimiento de los casos.
cliente.sintetico.0988@example.net,1 a 2 años,Varias veces por semana,No,2,Bueno,Bueno,Excelente,['Cumplió parcialmente'],6,Poco probable,Tiempos de respuesta de soporte.,Agregar más funcionalidades y opciones de personalización.
cliente.sintetico.0989@synthetic.test,Más de 2 años,Diariamente,Sí,3,Bueno,Bueno,Aceptable,['Cumplió parcialmente'],6,Muy probable,No he considerado abandonar el servicio.,Simplificar algunos procesos de uso del servicio.
cliente.sintetico.0990@example.net,3 a 6 meses,Varias veces por semana,No,1,Aceptable,Deficiente,Aceptable,['Cumplió completamente'],1,Poco probable,El precio es elevado para el valor percibido.,Simplificar algunos procesos de uso del servicio.
cliente.sintetico.0991@example.net,6 a 12 meses,Diariamente,No,3,Bueno,Bueno,Bueno,['Cumplió parcialmente'],7,Probable,No he considerado abandonar el servicio.,No considero necesaria una mejora urgente; el servicio funciona bien.
cliente.sintetico.0992@synthetic.test,3 a 6 meses,Diariamente,No,4,Excelente,Excelente,Excelente,['Cumplió parcialmente'],7,Probable,Retrasos en la entrega del servicio.,Mejorar la relación entre precio y beneficios.
cliente.sintetico.0993@example.net,Más de 2 años,Diariamente,No,3,Aceptable,Excelente,Excelente,['Cumplió completamente'],6,Probable,No he considerado abandonar el servicio.,Resolver los casos técnicos con mayor rapidez.
cliente.sintetico.0994@example.net,Más de 2 años,Mensualmente,No,3,Bueno,Aceptable,Bueno,['Cumplió parcialmente'],5,Probable,Problemas técnicos recurrentes.,Resolver los casos técnicos con mayor rapidez.
cliente.sintetico.0995@example.com,Más de 2 años,Diariamente,No,1,Aceptable,Aceptable,Bueno,['Cumplió parcialmente'],1,Nada probable,Problemas de comunicación y seguimiento.,Resolver los casos técnicos con mayor rapidez.
cliente.sintetico.0996@example.com,6 a 12 meses,Varias veces por semana,No,3,Aceptable,Bueno,Excelente,['Cumplió completamente'],8,Probable,No he considerado abandonar el servicio.,Mejorar la relación entre precio y beneficios.
cliente.sintetico.0997@example.com,Más de 2 años,Varias veces por semana,No,4,Bueno,Bueno,Excelente,['Cumplió completamente'],10,Muy probable,Falta de algunas funcionalidades.,Reducir interrupciones y tiempos de espera.
cliente.sintetico.0998@synthetic.test,Menos de 3 meses,Mensualmente,No,5,Excelente,Excelente,Excelente,['Superó ampliamente'],10,Muy probable,No he considerado abandonar el servicio.,Mejorar la estabilidad y disponibilidad del servicio.
cliente.sintetico.0999@synthetic.test,6 a 12 meses,Diariamente,Sí,4,Excelente,Excelente,Excelente,['Superó ampliamente'],7,Probable,No he considerado abandonar el servicio.,Reducir interrupciones y tiempos de espera.
cliente.sintetico.1000@synthetic.test,Más de 2 años,Diariamente,Sí,1,Aceptable,Excelente,Aceptable,['No cumplió'],3,Nada probable,No he considerado abandonar el servicio.,Mejorar la estabilidad y disponibilidad del servicio.
